# Made in Blockbench 5.0.7
mtllib modelrevolvingpalms.mtl

o sphere
v 0 -3.90625 0
v 0 3.90625 0
v 0.085360625 3.820889375 0.812155
v 0.16699125 3.568536875 1.588815
v 0.241323125 3.1602225 2.29603625
v 0.305108125 2.61379125 2.902909375
v 0.355558125 1.953125 3.382911875
v 0.39046875 1.2070975 3.715064375
v 0.408314375 0.408314375 3.88485125
v 0.408314375 -0.408314375 3.88485125
v 0.39046875 -1.2070975 3.715064375
v 0.355558125 -1.953125 3.382911875
v 0.305108125 -2.61379125 2.902909375
v 0.241323125 -3.1602225 2.29603625
v 0.16699125 -3.568536875 1.588815
v 0.085360625 -3.820889375 0.812155
v 0.252351875 3.820889375 0.77666
v 0.493675 3.568536875 1.51937625
v 0.7134225 3.1602225 2.195688125
v 0.901989375 2.61379125 2.776038125
v 1.051135625 1.953125 3.2350625
v 1.154341875 1.2070975 3.552698125
v 1.2070975 0.408314375 3.715064375
v 1.2070975 -0.408314375 3.715064375
v 1.154341875 -1.2070975 3.552698125
v 1.051135625 -1.953125 3.2350625
v 0.901989375 -2.61379125 2.776038125
v 0.7134225 -3.1602225 2.195688125
v 0.493675 -3.568536875 1.51937625
v 0.252351875 -3.820889375 0.77666
v 0.408314375 3.820889375 0.70722125
v 0.798783125 3.568536875 1.383533125
v 1.154341875 3.1602225 1.999378125
v 1.45945 2.61379125 2.52784125
v 1.700773125 1.953125 2.945825
v 1.867764375 1.2070975 3.2350625
v 1.953125 0.408314375 3.382911875
v 1.953125 -0.408314375 3.382911875
v 1.867764375 -1.2070975 3.2350625
v 1.700773125 -1.953125 2.945825
v 1.45945 -2.61379125 2.52784125
v 1.154341875 -3.1602225 1.999378125
v 0.798783125 -3.568536875 1.383533125
v 0.408314375 -3.820889375 0.70722125
v 0.54643125 3.820889375 0.606873125
v 1.068980625 3.568536875 1.187223125
v 1.544810625 3.1602225 1.71568625
v 1.953125 2.61379125 2.169165
v 2.276078125 1.953125 2.52784125
v 2.49955625 1.2070975 2.776038125
v 2.61379125 0.408314375 2.902909375
v 2.61379125 -0.408314375 2.902909375
v 2.49955625 -1.2070975 2.776038125
v 2.276078125 -1.953125 2.52784125
v 1.953125 -2.61379125 2.169165
v 1.544810625 -3.1602225 1.71568625
v 1.068980625 -3.568536875 1.187223125
v 0.54643125 -3.820889375 0.606873125
v 0.66066625 3.820889375 0.4800025
v 1.29245875 3.568536875 0.93902625
v 1.867764375 3.1602225 1.35701
v 2.361439375 2.61379125 1.71568625
v 2.751908125 1.953125 1.999378125
v 3.022105625 1.2070975 2.195688125
v 3.1602225 0.408314375 2.29603625
v 3.1602225 -0.408314375 2.29603625
v 3.022105625 -1.2070975 2.195688125
v 2.751908125 -1.953125 1.999378125
v 2.361439375 -2.61379125 1.71568625
v 1.867764375 -3.1602225 1.35701
v 1.29245875 -3.568536875 0.93902625
v 0.66066625 -3.820889375 0.4800025
v 0.7460275 3.820889375 0.3321525
v 1.45945 3.568536875 0.64978875
v 2.1090875 3.1602225 0.93902625
v 2.6665475 2.61379125 1.187223125
v 3.107466875 1.953125 1.383533125
v 3.412575 1.2070975 1.51937625
v 3.568536875 0.408314375 1.588815
v 3.568536875 -0.408314375 1.588815
v 3.412575 -1.2070975 1.51937625
v 3.107466875 -1.953125 1.383533125
v 2.6665475 -2.61379125 1.187223125
v 2.1090875 -3.1602225 0.93902625
v 1.45945 -3.568536875 0.64978875
v 0.7460275 -3.820889375 0.3321525
v 0.798783125 3.820889375 0.169786875
v 1.56265625 3.568536875 0.3321525
v 2.258233125 3.1602225 0.4800025
v 2.855114375 2.61379125 0.606873125
v 3.32721375 1.953125 0.70722125
v 3.653898125 1.2070975 0.77666
v 3.820889375 0.408314375 0.812155
v 3.820889375 -0.408314375 0.812155
v 3.653898125 -1.2070975 0.77666
v 3.32721375 -1.953125 0.70722125
v 2.855114375 -2.61379125 0.606873125
v 2.258233125 -3.1602225 0.4800025
v 1.56265625 -3.568536875 0.3321525
v 0.798783125 -3.820889375 0.169786875
v 0.81662875 3.820889375 0
v 1.597566875 3.568536875 0
v 2.308683125 3.1602225 0
v 2.918899375 2.61379125 0
v 3.401545625 1.953125 0
v 3.735528125 1.2070975 0
v 3.90625 0.408314375 0
v 3.90625 -0.408314375 0
v 3.735528125 -1.2070975 0
v 3.401545625 -1.953125 0
v 2.918899375 -2.61379125 0
v 2.308683125 -3.1602225 0
v 1.597566875 -3.568536875 0
v 0.81662875 -3.820889375 0
v 0.798783125 3.820889375 -0.169786875
v 1.56265625 3.568536875 -0.3321525
v 2.258233125 3.1602225 -0.4800025
v 2.855114375 2.61379125 -0.606873125
v 3.32721375 1.953125 -0.70722125
v 3.653898125 1.2070975 -0.77666
v 3.820889375 0.408314375 -0.812155
v 3.820889375 -0.408314375 -0.812155
v 3.653898125 -1.2070975 -0.77666
v 3.32721375 -1.953125 -0.70722125
v 2.855114375 -2.61379125 -0.606873125
v 2.258233125 -3.1602225 -0.4800025
v 1.56265625 -3.568536875 -0.3321525
v 0.798783125 -3.820889375 -0.169786875
v 0.7460275 3.820889375 -0.3321525
v 1.45945 3.568536875 -0.64978875
v 2.1090875 3.1602225 -0.93902625
v 2.6665475 2.61379125 -1.187223125
v 3.107466875 1.953125 -1.383533125
v 3.412575 1.2070975 -1.51937625
v 3.568536875 0.408314375 -1.588815
v 3.568536875 -0.408314375 -1.588815
v 3.412575 -1.2070975 -1.51937625
v 3.107466875 -1.953125 -1.383533125
v 2.6665475 -2.61379125 -1.187223125
v 2.1090875 -3.1602225 -0.93902625
v 1.45945 -3.568536875 -0.64978875
v 0.7460275 -3.820889375 -0.3321525
v 0.66066625 3.820889375 -0.4800025
v 1.29245875 3.568536875 -0.93902625
v 1.867764375 3.1602225 -1.35701
v 2.361439375 2.61379125 -1.71568625
v 2.751908125 1.953125 -1.999378125
v 3.022105625 1.2070975 -2.195688125
v 3.1602225 0.408314375 -2.29603625
v 3.1602225 -0.408314375 -2.29603625
v 3.022105625 -1.2070975 -2.195688125
v 2.751908125 -1.953125 -1.999378125
v 2.361439375 -2.61379125 -1.71568625
v 1.867764375 -3.1602225 -1.35701
v 1.29245875 -3.568536875 -0.93902625
v 0.66066625 -3.820889375 -0.4800025
v 0.54643125 3.820889375 -0.606873125
v 1.068980625 3.568536875 -1.187223125
v 1.544810625 3.1602225 -1.71568625
v 1.953125 2.61379125 -2.169165
v 2.276078125 1.953125 -2.52784125
v 2.49955625 1.2070975 -2.776038125
v 2.61379125 0.408314375 -2.902909375
v 2.61379125 -0.408314375 -2.902909375
v 2.49955625 -1.2070975 -2.776038125
v 2.276078125 -1.953125 -2.52784125
v 1.953125 -2.61379125 -2.169165
v 1.544810625 -3.1602225 -1.71568625
v 1.068980625 -3.568536875 -1.187223125
v 0.54643125 -3.820889375 -0.606873125
v 0.408314375 3.820889375 -0.70722125
v 0.798783125 3.568536875 -1.383533125
v 1.154341875 3.1602225 -1.999378125
v 1.45945 2.61379125 -2.52784125
v 1.700773125 1.953125 -2.945825
v 1.867764375 1.2070975 -3.2350625
v 1.953125 0.408314375 -3.382911875
v 1.953125 -0.408314375 -3.382911875
v 1.867764375 -1.2070975 -3.2350625
v 1.700773125 -1.953125 -2.945825
v 1.45945 -2.61379125 -2.52784125
v 1.154341875 -3.1602225 -1.999378125
v 0.798783125 -3.568536875 -1.383533125
v 0.408314375 -3.820889375 -0.70722125
v 0.252351875 3.820889375 -0.77666
v 0.493675 3.568536875 -1.51937625
v 0.7134225 3.1602225 -2.195688125
v 0.901989375 2.61379125 -2.776038125
v 1.051135625 1.953125 -3.2350625
v 1.154341875 1.2070975 -3.552698125
v 1.2070975 0.408314375 -3.715064375
v 1.2070975 -0.408314375 -3.715064375
v 1.154341875 -1.2070975 -3.552698125
v 1.051135625 -1.953125 -3.2350625
v 0.901989375 -2.61379125 -2.776038125
v 0.7134225 -3.1602225 -2.195688125
v 0.493675 -3.568536875 -1.51937625
v 0.252351875 -3.820889375 -0.77666
v 0.085360625 3.820889375 -0.812155
v 0.16699125 3.568536875 -1.588815
v 0.241323125 3.1602225 -2.29603625
v 0.305108125 2.61379125 -2.902909375
v 0.355558125 1.953125 -3.382911875
v 0.39046875 1.2070975 -3.715064375
v 0.408314375 0.408314375 -3.88485125
v 0.408314375 -0.408314375 -3.88485125
v 0.39046875 -1.2070975 -3.715064375
v 0.355558125 -1.953125 -3.382911875
v 0.305108125 -2.61379125 -2.902909375
v 0.241323125 -3.1602225 -2.29603625
v 0.16699125 -3.568536875 -1.588815
v 0.085360625 -3.820889375 -0.812155
v -0.085360625 3.820889375 -0.812155
v -0.16699125 3.568536875 -1.588815
v -0.241323125 3.1602225 -2.29603625
v -0.305108125 2.61379125 -2.902909375
v -0.355558125 1.953125 -3.382911875
v -0.39046875 1.2070975 -3.715064375
v -0.408314375 0.408314375 -3.88485125
v -0.408314375 -0.408314375 -3.88485125
v -0.39046875 -1.2070975 -3.715064375
v -0.355558125 -1.953125 -3.382911875
v -0.305108125 -2.61379125 -2.902909375
v -0.241323125 -3.1602225 -2.29603625
v -0.16699125 -3.568536875 -1.588815
v -0.085360625 -3.820889375 -0.812155
v -0.252351875 3.820889375 -0.77666
v -0.493675 3.568536875 -1.51937625
v -0.7134225 3.1602225 -2.195688125
v -0.901989375 2.61379125 -2.776038125
v -1.051135625 1.953125 -3.2350625
v -1.154341875 1.2070975 -3.552698125
v -1.2070975 0.408314375 -3.715064375
v -1.2070975 -0.408314375 -3.715064375
v -1.154341875 -1.2070975 -3.552698125
v -1.051135625 -1.953125 -3.2350625
v -0.901989375 -2.61379125 -2.776038125
v -0.7134225 -3.1602225 -2.195688125
v -0.493675 -3.568536875 -1.51937625
v -0.252351875 -3.820889375 -0.77666
v -0.408314375 3.820889375 -0.70722125
v -0.798783125 3.568536875 -1.383533125
v -1.154341875 3.1602225 -1.999378125
v -1.45945 2.61379125 -2.52784125
v -1.700773125 1.953125 -2.945825
v -1.867764375 1.2070975 -3.2350625
v -1.953125 0.408314375 -3.382911875
v -1.953125 -0.408314375 -3.382911875
v -1.867764375 -1.2070975 -3.2350625
v -1.700773125 -1.953125 -2.945825
v -1.45945 -2.61379125 -2.52784125
v -1.154341875 -3.1602225 -1.999378125
v -0.798783125 -3.568536875 -1.383533125
v -0.408314375 -3.820889375 -0.70722125
v -0.54643125 3.820889375 -0.606873125
v -1.068980625 3.568536875 -1.187223125
v -1.544810625 3.1602225 -1.71568625
v -1.953125 2.61379125 -2.169165
v -2.276078125 1.953125 -2.52784125
v -2.49955625 1.2070975 -2.776038125
v -2.61379125 0.408314375 -2.902909375
v -2.61379125 -0.408314375 -2.902909375
v -2.49955625 -1.2070975 -2.776038125
v -2.276078125 -1.953125 -2.52784125
v -1.953125 -2.61379125 -2.169165
v -1.544810625 -3.1602225 -1.71568625
v -1.068980625 -3.568536875 -1.187223125
v -0.54643125 -3.820889375 -0.606873125
v -0.66066625 3.820889375 -0.4800025
v -1.29245875 3.568536875 -0.93902625
v -1.867764375 3.1602225 -1.35701
v -2.361439375 2.61379125 -1.71568625
v -2.751908125 1.953125 -1.999378125
v -3.022105625 1.2070975 -2.195688125
v -3.1602225 0.408314375 -2.29603625
v -3.1602225 -0.408314375 -2.29603625
v -3.022105625 -1.2070975 -2.195688125
v -2.751908125 -1.953125 -1.999378125
v -2.361439375 -2.61379125 -1.71568625
v -1.867764375 -3.1602225 -1.35701
v -1.29245875 -3.568536875 -0.93902625
v -0.66066625 -3.820889375 -0.4800025
v -0.7460275 3.820889375 -0.3321525
v -1.45945 3.568536875 -0.64978875
v -2.1090875 3.1602225 -0.93902625
v -2.6665475 2.61379125 -1.187223125
v -3.107466875 1.953125 -1.383533125
v -3.412575 1.2070975 -1.51937625
v -3.568536875 0.408314375 -1.588815
v -3.568536875 -0.408314375 -1.588815
v -3.412575 -1.2070975 -1.51937625
v -3.107466875 -1.953125 -1.383533125
v -2.6665475 -2.61379125 -1.187223125
v -2.1090875 -3.1602225 -0.93902625
v -1.45945 -3.568536875 -0.64978875
v -0.7460275 -3.820889375 -0.3321525
v -0.798783125 3.820889375 -0.169786875
v -1.56265625 3.568536875 -0.3321525
v -2.258233125 3.1602225 -0.4800025
v -2.855114375 2.61379125 -0.606873125
v -3.32721375 1.953125 -0.70722125
v -3.653898125 1.2070975 -0.77666
v -3.820889375 0.408314375 -0.812155
v -3.820889375 -0.408314375 -0.812155
v -3.653898125 -1.2070975 -0.77666
v -3.32721375 -1.953125 -0.70722125
v -2.855114375 -2.61379125 -0.606873125
v -2.258233125 -3.1602225 -0.4800025
v -1.56265625 -3.568536875 -0.3321525
v -0.798783125 -3.820889375 -0.169786875
v -0.81662875 3.820889375 0
v -1.597566875 3.568536875 0
v -2.308683125 3.1602225 0
v -2.918899375 2.61379125 0
v -3.401545625 1.953125 0
v -3.735528125 1.2070975 0
v -3.90625 0.408314375 0
v -3.90625 -0.408314375 0
v -3.735528125 -1.2070975 0
v -3.401545625 -1.953125 0
v -2.918899375 -2.61379125 0
v -2.308683125 -3.1602225 0
v -1.597566875 -3.568536875 0
v -0.81662875 -3.820889375 0
v -0.798783125 3.820889375 0.169786875
v -1.56265625 3.568536875 0.3321525
v -2.258233125 3.1602225 0.4800025
v -2.855114375 2.61379125 0.606873125
v -3.32721375 1.953125 0.70722125
v -3.653898125 1.2070975 0.77666
v -3.820889375 0.408314375 0.812155
v -3.820889375 -0.408314375 0.812155
v -3.653898125 -1.2070975 0.77666
v -3.32721375 -1.953125 0.70722125
v -2.855114375 -2.61379125 0.606873125
v -2.258233125 -3.1602225 0.4800025
v -1.56265625 -3.568536875 0.3321525
v -0.798783125 -3.820889375 0.169786875
v -0.7460275 3.820889375 0.3321525
v -1.45945 3.568536875 0.64978875
v -2.1090875 3.1602225 0.93902625
v -2.6665475 2.61379125 1.187223125
v -3.107466875 1.953125 1.383533125
v -3.412575 1.2070975 1.51937625
v -3.568536875 0.408314375 1.588815
v -3.568536875 -0.408314375 1.588815
v -3.412575 -1.2070975 1.51937625
v -3.107466875 -1.953125 1.383533125
v -2.6665475 -2.61379125 1.187223125
v -2.1090875 -3.1602225 0.93902625
v -1.45945 -3.568536875 0.64978875
v -0.7460275 -3.820889375 0.3321525
v -0.66066625 3.820889375 0.4800025
v -1.29245875 3.568536875 0.93902625
v -1.867764375 3.1602225 1.35701
v -2.361439375 2.61379125 1.71568625
v -2.751908125 1.953125 1.999378125
v -3.022105625 1.2070975 2.195688125
v -3.1602225 0.408314375 2.29603625
v -3.1602225 -0.408314375 2.29603625
v -3.022105625 -1.2070975 2.195688125
v -2.751908125 -1.953125 1.999378125
v -2.361439375 -2.61379125 1.71568625
v -1.867764375 -3.1602225 1.35701
v -1.29245875 -3.568536875 0.93902625
v -0.66066625 -3.820889375 0.4800025
v -0.54643125 3.820889375 0.606873125
v -1.068980625 3.568536875 1.187223125
v -1.544810625 3.1602225 1.71568625
v -1.953125 2.61379125 2.169165
v -2.276078125 1.953125 2.52784125
v -2.49955625 1.2070975 2.776038125
v -2.61379125 0.408314375 2.902909375
v -2.61379125 -0.408314375 2.902909375
v -2.49955625 -1.2070975 2.776038125
v -2.276078125 -1.953125 2.52784125
v -1.953125 -2.61379125 2.169165
v -1.544810625 -3.1602225 1.71568625
v -1.068980625 -3.568536875 1.187223125
v -0.54643125 -3.820889375 0.606873125
v -0.408314375 3.820889375 0.70722125
v -0.798783125 3.568536875 1.383533125
v -1.154341875 3.1602225 1.999378125
v -1.45945 2.61379125 2.52784125
v -1.700773125 1.953125 2.945825
v -1.867764375 1.2070975 3.2350625
v -1.953125 0.408314375 3.382911875
v -1.953125 -0.408314375 3.382911875
v -1.867764375 -1.2070975 3.2350625
v -1.700773125 -1.953125 2.945825
v -1.45945 -2.61379125 2.52784125
v -1.154341875 -3.1602225 1.999378125
v -0.798783125 -3.568536875 1.383533125
v -0.408314375 -3.820889375 0.70722125
v -0.252351875 3.820889375 0.77666
v -0.493675 3.568536875 1.51937625
v -0.7134225 3.1602225 2.195688125
v -0.901989375 2.61379125 2.776038125
v -1.051135625 1.953125 3.2350625
v -1.154341875 1.2070975 3.552698125
v -1.2070975 0.408314375 3.715064375
v -1.2070975 -0.408314375 3.715064375
v -1.154341875 -1.2070975 3.552698125
v -1.051135625 -1.953125 3.2350625
v -0.901989375 -2.61379125 2.776038125
v -0.7134225 -3.1602225 2.195688125
v -0.493675 -3.568536875 1.51937625
v -0.252351875 -3.820889375 0.77666
v -0.085360625 3.820889375 0.812155
v -0.16699125 3.568536875 1.588815
v -0.241323125 3.1602225 2.29603625
v -0.305108125 2.61379125 2.902909375
v -0.355558125 1.953125 3.382911875
v -0.39046875 1.2070975 3.715064375
v -0.408314375 0.408314375 3.88485125
v -0.408314375 -0.408314375 3.88485125
v -0.39046875 -1.2070975 3.715064375
v -0.355558125 -1.953125 3.382911875
v -0.305108125 -2.61379125 2.902909375
v -0.241323125 -3.1602225 2.29603625
v -0.16699125 -3.568536875 1.588815
v -0.085360625 -3.820889375 0.812155
vt 0.105236640625 0.897753203125
vt 0.11045646484375 0.8988565234375
vt 0.1025690625 0.923272734375
vt 0.105236640625 0.897753203125
vt 0.1077876171875 0.872233671875
vt 0.11801822265625 0.8742996484375
vt 0.11046623046875 0.89880927734375
vt 0.1077876171875 0.872233671875
vt 0.11056220703125 0.846759296875
vt 0.12534658203125 0.8497448828125
vt 0.11801822265625 0.8742996484375
vt 0.11056220703125 0.846759296875
vt 0.1136599609375 0.8213501953125
vt 0.13235177734375 0.8251248437500001
vt 0.12534658203125 0.8497448828125
vt 0.1053404296875 0.724609375
vt 0.1037638671875 0.6990898437499999
vt 0.1259861328125 0.6990898437499999
vt 0.1244095703125 0.724609375
vt 0.1037638671875 0.6990898437499999
vt 0.1026728515625 0.6735703125
vt 0.1270771484375 0.6735703125
vt 0.1259861328125 0.6990898437499999
vt 0.1026728515625 0.6735703125
vt 0.102115234375 0.64805078125
vt 0.127634765625 0.64805078125
vt 0.1270771484375 0.6735703125
vt 0.102115234375 0.64805078125
vt 0.102115234375 0.62253125
vt 0.127634765625 0.62253125
vt 0.127634765625 0.64805078125
vt 0.102115234375 0.62253125
vt 0.1026728515625 0.5970117187499999
vt 0.1270771484375 0.5970117187499999
vt 0.127634765625 0.62253125
vt 0.1026728515625 0.5970117187499999
vt 0.1037638671875 0.5714921875000001
vt 0.1259861328125 0.5714921875000001
vt 0.1270771484375 0.5970117187499999
vt 0.1037638671875 0.5714921875000001
vt 0.1053404296875 0.54597265625
vt 0.1244095703125 0.54597265625
vt 0.1259861328125 0.5714921875000001
vt 0.24807962890625 0.8621642578125
vt 0.24475220703125 0.83678419921875
vt 0.25950896484375 0.8336650390625
vt 0.26673654296875 0.8582207226562499
vt 0.24475220703125 0.83678419921875
vt 0.24174736328125 0.8113359570312499
vt 0.25195884765625 0.8091775390625
vt 0.25950896484375 0.8336650390625
vt 0.24174736328125 0.8113359570312499
vt 0.238965703125 0.785840546875
vt 0.24418552734375 0.7847372265625
vt 0.25195884765625 0.8091775390625
vt 0.24418552734375 0.7847372265625
vt 0.238965703125 0.785840546875
vt 0.236298125 0.760321015625
vt 0.11045646484375 0.8988565234375
vt 0.11533529296875 0.90101546875
vt 0.1025690625 0.923272734375
vt 0.11046623046875 0.89880927734375
vt 0.11801822265625 0.8742996484375
vt 0.127637421875 0.87834986328125
vt 0.11538330078125 0.90087962890625
vt 0.11801822265625 0.8742996484375
vt 0.12578044921875 0.8498785546875001
vt 0.1396812890625 0.8557315624999999
vt 0.127637421875 0.87834986328125
vt 0.12578044921875 0.8498785546875001
vt 0.1338465234375 0.82558541015625
vt 0.15142130859375 0.83298533203125
vt 0.1396812890625 0.8557315624999999
vt 0.1308599609375 0.724609375
vt 0.1292833984375 0.6990898437499999
vt 0.1515056640625 0.6990898437499999
vt 0.1499291015625 0.724609375
vt 0.1292833984375 0.6990898437499999
vt 0.1281923828125 0.6735703125
vt 0.1525966796875 0.6735703125
vt 0.1515056640625 0.6990898437499999
vt 0.1281923828125 0.6735703125
vt 0.127634765625 0.64805078125
vt 0.153154296875 0.64805078125
vt 0.1525966796875 0.6735703125
vt 0.127634765625 0.64805078125
vt 0.127634765625 0.62253125
vt 0.153154296875 0.62253125
vt 0.153154296875 0.64805078125
vt 0.127634765625 0.62253125
vt 0.1281923828125 0.5970117187499999
vt 0.1525966796875 0.5970117187499999
vt 0.153154296875 0.62253125
vt 0.1281923828125 0.5970117187499999
vt 0.1292833984375 0.5714921875000001
vt 0.1515056640625 0.5714921875000001
vt 0.1525966796875 0.5970117187499999
vt 0.1292833984375 0.5714921875000001
vt 0.1308599609375 0.54597265625
vt 0.1499291015625 0.54597265625
vt 0.1515056640625 0.5714921875000001
vt 0.268886328125 0.85752625
vt 0.2603821875 0.83338294921875
vt 0.274174921875 0.8272794921875
vt 0.2863244140625 0.8498096875
vt 0.2603821875 0.83338294921875
vt 0.25217955078125 0.80910625
vt 0.26172392578125 0.804882734375
vt 0.274174921875 0.8272794921875
vt 0.25217955078125 0.80910625
vt 0.24418552734375 0.7847372265625
vt 0.2490643359375 0.78257828125
vt 0.26172392578125 0.804882734375
vt 0.2490643359375 0.78257828125
vt 0.24418552734375 0.7847372265625
vt 0.236298125 0.760321015625
vt 0.11533529296875 0.90101546875
vt 0.11966216796875 0.9041366992187501
vt 0.1025690625 0.923272734375
vt 0.11538330078125 0.90087962890625
vt 0.127637421875 0.87834986328125
vt 0.1362645703125 0.8842239843749999
vt 0.11979326171875 0.90388232421875
vt 0.127637421875 0.87834986328125
vt 0.14008009765625 0.8559484765625001
vt 0.15254732421875 0.864437265625
vt 0.1362645703125 0.8842239843749999
vt 0.14008009765625 0.8559484765625001
vt 0.15279529296875 0.83373265625
vt 0.16855755859375 0.844465
vt 0.15254732421875 0.864437265625
vt 0.03464890625 0.82421875
vt 0.029943203125 0.79908732421875
vt 0.051996484375 0.79635205078125
vt 0.053573046875 0.82187158203125
vt 0.1548029296875 0.6990898437499999
vt 0.1537119140625 0.6735703125
vt 0.1781162109375 0.6735703125
vt 0.1770251953125 0.6990898437499999
vt 0.1537119140625 0.6735703125
vt 0.153154296875 0.64805078125
vt 0.178673828125 0.64805078125
vt 0.1781162109375 0.6735703125
vt 0.153154296875 0.64805078125
vt 0.153154296875 0.62253125
vt 0.178673828125 0.62253125
vt 0.178673828125 0.64805078125
vt 0.153154296875 0.62253125
vt 0.1537119140625 0.5970117187499999
vt 0.1781162109375 0.5970117187499999
vt 0.178673828125 0.62253125
vt 0.1537119140625 0.5970117187499999
vt 0.1548029296875 0.5714921875000001
vt 0.1770251953125 0.5714921875000001
vt 0.1781162109375 0.5970117187499999
vt 0.166661953125 0.99681111328125
vt 0.17136765625 0.9716796875
vt 0.190291796875 0.97402685546875
vt 0.188715234375 0.99954638671875
vt 0.2882841015625 0.8486856445312501
vt 0.27497091796875 0.8268229296875
vt 0.28720328125 0.81799904296875
vt 0.3037494140625 0.8375296484375
vt 0.27497091796875 0.8268229296875
vt 0.2619251171875 0.80476732421875
vt 0.27038974609375 0.798661328125
vt 0.28720328125 0.81799904296875
vt 0.2619251171875 0.80476732421875
vt 0.2490643359375 0.78257828125
vt 0.2533912109375 0.7794570507812499
vt 0.27038974609375 0.798661328125
vt 0.2533912109375 0.7794570507812499
vt 0.2490643359375 0.78257828125
vt 0.236298125 0.760321015625
vt 0.11966216796875 0.9041366992187501
vt 0.1232500390625 0.9080852539062501
vt 0.1025690625 0.923272734375
vt 0.11979326171875 0.90388232421875
vt 0.1362645703125 0.8842239843749999
vt 0.14355826171875 0.891689609375
vt 0.12352158203125 0.90769853515625
vt 0.1362645703125 0.8842239843749999
vt 0.1528953125 0.86472884765625
vt 0.1634355078125 0.8755175
vt 0.14355826171875 0.891689609375
vt 0.1528953125 0.86472884765625
vt 0.16975642578125 0.8454695117187501
vt 0.1830823828125 0.8591095703125
vt 0.1634355078125 0.8755175
vt 0.053573046875 0.82187158203125
vt 0.051996484375 0.79635205078125
vt 0.07421875 0.79635205078125
vt 0.0726421875 0.82187158203125
vt 0.3005509765625 0.97448046875
vt 0.2994599609375 0.9489609375
vt 0.3238642578125 0.9489609375
vt 0.3227732421875 0.97448046875
vt 0.2994599609375 0.9489609375
vt 0.29890234375 0.92344140625
vt 0.324421875 0.92344140625
vt 0.3238642578125 0.9489609375
vt 0.29890234375 0.92344140625
vt 0.29890234375 0.897921875
vt 0.324421875 0.897921875
vt 0.324421875 0.92344140625
vt 0.29890234375 0.897921875
vt 0.2994599609375 0.87240234375
vt 0.3238642578125 0.87240234375
vt 0.324421875 0.897921875
vt 0.2994599609375 0.87240234375
vt 0.3005509765625 0.8468828125
vt 0.3227732421875 0.8468828125
vt 0.3238642578125 0.87240234375
vt 0.188715234375 0.99954638671875
vt 0.190291796875 0.97402685546875
vt 0.2093609375 0.97402685546875
vt 0.2109375 0.99954638671875
vt 0.305434296875 0.8360246484375
vt 0.28788765625 0.817387734375
vt 0.29803078125 0.806224921875
vt 0.318258203125 0.82191154296875
vt 0.28788765625 0.817387734375
vt 0.270562734375 0.79850681640625
vt 0.277581640625 0.79078228515625
vt 0.29803078125 0.806224921875
vt 0.270562734375 0.79850681640625
vt 0.2533912109375 0.7794570507812499
vt 0.25697908203125 0.7755084960937499
vt 0.277581640625 0.79078228515625
vt 0.25697908203125 0.7755084960937499
vt 0.2533912109375 0.7794570507812499
vt 0.236298125 0.760321015625
vt 0.1232500390625 0.9080852539062501
vt 0.12594376953125 0.9126904296875
vt 0.1025690625 0.923272734375
vt 0.12352158203125 0.90769853515625
vt 0.14355826171875 0.891689609375
vt 0.14922984375 0.90045125
vt 0.1264207421875 0.9121772460937501
vt 0.14355826171875 0.891689609375
vt 0.16371890625 0.8758721875
vt 0.17191498046875 0.88853375
vt 0.14922984375 0.90045125
vt 0.16371890625 0.8758721875
vt 0.18405869140625 0.8603315234375
vt 0.1944209765625 0.8763394921875
vt 0.17191498046875 0.88853375
vt 0.3276470703125 1
vt 0.3260705078125 0.97448046875
vt 0.3482927734375 0.97448046875
vt 0.3467162109375 1
vt 0.3260705078125 0.97448046875
vt 0.3249794921875 0.9489609375
vt 0.3493837890625 0.9489609375
vt 0.3482927734375 0.97448046875
vt 0.3249794921875 0.9489609375
vt 0.324421875 0.92344140625
vt 0.34994140625 0.92344140625
vt 0.3493837890625 0.9489609375
vt 0.324421875 0.92344140625
vt 0.324421875 0.897921875
vt 0.34994140625 0.897921875
vt 0.34994140625 0.92344140625
vt 0.324421875 0.897921875
vt 0.3249794921875 0.87240234375
vt 0.3493837890625 0.87240234375
vt 0.34994140625 0.897921875
vt 0.3249794921875 0.87240234375
vt 0.3260705078125 0.8468828125
vt 0.3482927734375 0.8468828125
vt 0.3493837890625 0.87240234375
vt 0.3260705078125 0.8468828125
vt 0.3276470703125 0.82136328125
vt 0.3467162109375 0.82136328125
vt 0.3482927734375 0.8468828125
vt 0.3195954296875 0.82009064453125
vt 0.2985739453125 0.8054852929687499
vt 0.30618931640625 0.792466171875
vt 0.329223515625 0.803630625
vt 0.2985739453125 0.8054852929687499
vt 0.27771892578125 0.7905953515624999
vt 0.282988671875 0.7815862890625
vt 0.30618931640625 0.792466171875
vt 0.27771892578125 0.7905953515624999
vt 0.25697908203125 0.7755084960937499
vt 0.25967283203125 0.7709033203125
vt 0.282988671875 0.7815862890625
vt 0.25967283203125 0.7709033203125
vt 0.25697908203125 0.7755084960937499
vt 0.236298125 0.760321015625
vt 0.12594376953125 0.9126904296875
vt 0.12762693359375 0.917753125
vt 0.1025690625 0.923272734375
vt 0.1264207421875 0.9121772460937501
vt 0.14922984375 0.90045125
vt 0.1530548828125 0.9101621875
vt 0.12837599609375 0.91714119140625
vt 0.14922984375 0.90045125
vt 0.17212255859375 0.88893751953125
vt 0.17765015625 0.9029709375
vt 0.1530548828125 0.9101621875
vt 0.17212255859375 0.88893751953125
vt 0.19513609375 0.87773052734375
vt 0.202124609375 0.8954729296875
vt 0.17765015625 0.9029709375
vt 0.3531666015625 1
vt 0.3515900390625 0.97448046875
vt 0.3738123046875 0.97448046875
vt 0.3722357421875 1
vt 0.3515900390625 0.97448046875
vt 0.3504990234375 0.9489609375
vt 0.3749033203125 0.9489609375
vt 0.3738123046875 0.97448046875
vt 0.3504990234375 0.9489609375
vt 0.34994140625 0.92344140625
vt 0.3754609375 0.92344140625
vt 0.3749033203125 0.9489609375
vt 0.34994140625 0.92344140625
vt 0.34994140625 0.897921875
vt 0.3754609375 0.897921875
vt 0.3754609375 0.92344140625
vt 0.34994140625 0.897921875
vt 0.3504990234375 0.87240234375
vt 0.3749033203125 0.87240234375
vt 0.3754609375 0.897921875
vt 0.3504990234375 0.87240234375
vt 0.3515900390625 0.8468828125
vt 0.3738123046875 0.8468828125
vt 0.3749033203125 0.87240234375
vt 0.3515900390625 0.8468828125
vt 0.3531666015625 0.82136328125
vt 0.3722357421875 0.82136328125
vt 0.3738123046875 0.8468828125
vt 0.33015525390625 0.8015725390625
vt 0.30656779296875 0.7916301953125
vt 0.31132615234375 0.77731763671875
vt 0.33617125 0.7834772265625
vt 0.30656779296875 0.7916301953125
vt 0.28308431640625 0.7813749999999999
vt 0.28637705078125 0.7714708984375
vt 0.31132615234375 0.77731763671875
vt 0.28308431640625 0.7813749999999999
vt 0.25967283203125 0.7709033203125
vt 0.2613559765625 0.765840625
vt 0.28637705078125 0.7714708984375
vt 0.2613559765625 0.765840625
vt 0.25967283203125 0.7709033203125
vt 0.236298125 0.760321015625
vt 0.12762693359375 0.917753125
vt 0.12822671875 0.923054453125
vt 0.1025690625 0.923272734375
vt 0.12837599609375 0.91714119140625
vt 0.1530548828125 0.9101621875
vt 0.1548819921875 0.920438125
vt 0.1293099609375 0.92239396484375
vt 0.1530548828125 0.9101621875
vt 0.1777737109375 0.90340779296875
vt 0.18041408203125 0.9182576953125
vt 0.1548819921875 0.920438125
vt 0.1777737109375 0.90340779296875
vt 0.202550234375 0.89697796875
vt 0.20588845703125 0.91575265625
vt 0.18041408203125 0.9182576953125
vt 0.3786861328125 1
vt 0.3771095703125 0.97448046875
vt 0.3993318359375 0.97448046875
vt 0.3977552734375 1
vt 0.3771095703125 0.97448046875
vt 0.3760185546875 0.9489609375
vt 0.4004228515625 0.9489609375
vt 0.3993318359375 0.97448046875
vt 0.3760185546875 0.9489609375
vt 0.3754609375 0.92344140625
vt 0.40098046875 0.92344140625
vt 0.4004228515625 0.9489609375
vt 0.3754609375 0.92344140625
vt 0.3754609375 0.897921875
vt 0.40098046875 0.897921875
vt 0.40098046875 0.92344140625
vt 0.3754609375 0.897921875
vt 0.3760185546875 0.87240234375
vt 0.4004228515625 0.87240234375
vt 0.40098046875 0.897921875
vt 0.3760185546875 0.87240234375
vt 0.3771095703125 0.8468828125
vt 0.3993318359375 0.8468828125
vt 0.4004228515625 0.87240234375
vt 0.3771095703125 0.8468828125
vt 0.3786861328125 0.82136328125
vt 0.3977552734375 0.82136328125
vt 0.3993318359375 0.8468828125
vt 0.3366572265625 0.7812709375
vt 0.3115235546875 0.77642146484375
vt 0.31321919921875 0.76143427734375
vt 0.338801015625 0.7623226953125
vt 0.3115235546875 0.77642146484375
vt 0.28642693359375 0.7712443945312499
vt 0.28760029296875 0.7608734375
vt 0.31321919921875 0.76143427734375
vt 0.28642693359375 0.7712443945312499
vt 0.2613559765625 0.765840625
vt 0.26195576171875 0.760539296875
vt 0.28760029296875 0.7608734375
vt 0.26195576171875 0.760539296875
vt 0.2613559765625 0.765840625
vt 0.236298125 0.760321015625
vt 0.12822671875 0.923054453125
vt 0.12771720703125 0.928365234375
vt 0.1025690625 0.923272734375
vt 0.1293099609375 0.92239396484375
vt 0.1548819921875 0.920438125
vt 0.1546388671875 0.93087240234375
vt 0.12918568359375 0.92772767578125
vt 0.1548819921875 0.920438125
vt 0.1804487109375 0.9187103515625
vt 0.18009736328125 0.93378908203125
vt 0.1546388671875 0.93087240234375
vt 0.1804487109375 0.9187103515625
vt 0.206007734375 0.91731216796875
vt 0.2055635546875 0.93637615234375
vt 0.18009736328125 0.93378908203125
vt 0.4042056640625 1
vt 0.4026291015625 0.97448046875
vt 0.4248513671875 0.97448046875
vt 0.4232748046875 1
vt 0.4026291015625 0.97448046875
vt 0.4015380859375 0.9489609375
vt 0.4259423828125 0.9489609375
vt 0.4248513671875 0.97448046875
vt 0.4015380859375 0.9489609375
vt 0.40098046875 0.92344140625
vt 0.4265 0.92344140625
vt 0.4259423828125 0.9489609375
vt 0.40098046875 0.92344140625
vt 0.40098046875 0.897921875
vt 0.4265 0.897921875
vt 0.4265 0.92344140625
vt 0.40098046875 0.897921875
vt 0.4015380859375 0.87240234375
vt 0.4259423828125 0.87240234375
vt 0.4265 0.897921875
vt 0.4015380859375 0.87240234375
vt 0.4026291015625 0.8468828125
vt 0.4248513671875 0.8468828125
vt 0.4259423828125 0.87240234375
vt 0.4026291015625 0.8468828125
vt 0.4042056640625 0.82136328125
vt 0.4232748046875 0.82136328125
vt 0.4248513671875 0.8468828125
vt 0.338820234375 0.76006359375
vt 0.3132269921875 0.760516640625
vt 0.3117866015625 0.7455027734374999
vt 0.336999140625 0.74108162109375
vt 0.3132269921875 0.760516640625
vt 0.287602265625 0.76064150390625
vt 0.28660552734375 0.750252109375
vt 0.3117866015625 0.7455027734374999
vt 0.287602265625 0.76064150390625
vt 0.26195576171875 0.760539296875
vt 0.26144625 0.755228515625
vt 0.28660552734375 0.750252109375
vt 0.26144625 0.755228515625
vt 0.26195576171875 0.760539296875
vt 0.236298125 0.760321015625
vt 0.12771720703125 0.928365234375
vt 0.12612044921875 0.9334558203125
vt 0.1025690625 0.923272734375
vt 0.12918568359375 0.92772767578125
vt 0.1546388671875 0.93087240234375
vt 0.15233513671875 0.94105208984375
vt 0.1280080859375 0.93293125
vt 0.1546388671875 0.93087240234375
vt 0.18004169921875 0.93423962890625
vt 0.17671255859375 0.94895044921875
vt 0.15233513671875 0.94105208984375
vt 0.18004169921875 0.93423962890625
vt 0.2053717578125 0.93792841796875
vt 0.201162734375 0.95652724609375
vt 0.17671255859375 0.94895044921875
vt 0.4297251953125 1
vt 0.4281486328125 0.97448046875
vt 0.4503708984375 0.97448046875
vt 0.4487943359375 1
vt 0.4281486328125 0.97448046875
vt 0.4270576171875 0.9489609375
vt 0.4514619140625 0.9489609375
vt 0.4503708984375 0.97448046875
vt 0.4270576171875 0.9489609375
vt 0.4265 0.92344140625
vt 0.45201953125 0.92344140625
vt 0.4514619140625 0.9489609375
vt 0.4265 0.92344140625
vt 0.4265 0.897921875
vt 0.45201953125 0.897921875
vt 0.45201953125 0.92344140625
vt 0.4265 0.897921875
vt 0.4270576171875 0.87240234375
vt 0.4514619140625 0.87240234375
vt 0.45201953125 0.897921875
vt 0.4270576171875 0.87240234375
vt 0.4281486328125 0.8468828125
vt 0.4503708984375 0.8468828125
vt 0.4514619140625 0.87240234375
vt 0.4281486328125 0.8468828125
vt 0.4297251953125 0.82136328125
vt 0.4487943359375 0.82136328125
vt 0.4503708984375 0.8468828125
vt 0.33655076171875 0.7388673828125
vt 0.31160447265625 0.744603359375
vt 0.3070903125 0.73021193359375
vt 0.33084353515625 0.72067234375
vt 0.31160447265625 0.744603359375
vt 0.28655951171875 0.75002478515625
vt 0.28343576171875 0.74006609375
vt 0.3070903125 0.73021193359375
vt 0.28655951171875 0.75002478515625
vt 0.26144625 0.755228515625
vt 0.2598494921875 0.7501379296875
vt 0.28343576171875 0.74006609375
vt 0.2598494921875 0.7501379296875
vt 0.26144625 0.755228515625
vt 0.236298125 0.760321015625
vt 0.12612044921875 0.9334558203125
vt 0.12350544921875 0.938106171875
vt 0.1025690625 0.923272734375
vt 0.1280080859375 0.93293125
vt 0.15233513671875 0.94105208984375
vt 0.14806197265625 0.95057435546875
vt 0.12582376953125 0.93779875
vt 0.15233513671875 0.94105208984375
vt 0.17656880859375 0.94938107421875
vt 0.17039359375 0.96314181640625
vt 0.14806197265625 0.95057435546875
vt 0.378347109375 0.81640625
vt 0.358991953125 0.79965521484375
vt 0.37255580078125 0.78625171875
vt 0.38907548828125 0.8058046875
vt 0.358991953125 0.79965521484375
vt 0.339933125 0.7826113671875
vt 0.35573978515625 0.7669915625
vt 0.37255580078125 0.78625171875
vt 0.4536681640625 0.97448046875
vt 0.4525771484375 0.9489609375
vt 0.4769814453125 0.9489609375
vt 0.4758904296875 0.97448046875
vt 0.4525771484375 0.9489609375
vt 0.45201953125 0.92344140625
vt 0.4775390625 0.92344140625
vt 0.4769814453125 0.9489609375
vt 0.45201953125 0.92344140625
vt 0.45201953125 0.897921875
vt 0.4775390625 0.897921875
vt 0.4775390625 0.92344140625
vt 0.45201953125 0.897921875
vt 0.4525771484375 0.87240234375
vt 0.4769814453125 0.87240234375
vt 0.4775390625 0.897921875
vt 0.4525771484375 0.87240234375
vt 0.4536681640625 0.8468828125
vt 0.4758904296875 0.8468828125
vt 0.4769814453125 0.87240234375
vt 0.447355 0.7027401953125
vt 0.466413828125 0.68569634765625
vt 0.47997767578125 0.69909984375
vt 0.46316166015625 0.71836
vt 0.466413828125 0.68569634765625
vt 0.485768984375 0.6689453125
vt 0.49649736328125 0.679546875
vt 0.47997767578125 0.69909984375
vt 0.30672611328125 0.72936962890625
vt 0.2833437109375 0.739853203125
vt 0.27822802734375 0.7307557812500001
vt 0.299333359375 0.71622283203125
vt 0.2833437109375 0.739853203125
vt 0.2598494921875 0.7501379296875
vt 0.2572344921875 0.745487578125
vt 0.27822802734375 0.7307557812500001
vt 0.2572344921875 0.745487578125
vt 0.2598494921875 0.7501379296875
vt 0.236298125 0.760321015625
vt 0.12350544921875 0.938106171875
vt 0.1199852734375 0.9421151953125
vt 0.1025690625 0.923272734375
vt 0.12582376953125 0.93779875
vt 0.14806197265625 0.95057435546875
vt 0.1419884765625 0.95906232421875
vt 0.12271916015625 0.942137578125
vt 0.14806197265625 0.95057435546875
vt 0.17016744140625 0.96353546875
vt 0.16139052734375 0.9758015625
vt 0.1419884765625 0.95906232421875
vt 0.38907548828125 0.8058046875
vt 0.37255580078125 0.78625171875
vt 0.38803619140625 0.77511666015625
vt 0.401319765625 0.7969973828125
vt 0.37255580078125 0.78625171875
vt 0.35637431640625 0.76645546875
vt 0.37441443359375 0.75347919921875
vt 0.38803619140625 0.77511666015625
vt 0.35637431640625 0.76645546875
vt 0.3405869921875 0.7463756835937501
vt 0.36039849609375 0.7321252734375
vt 0.37441443359375 0.75347919921875
vt 0.0005576171875 0.8515625
vt 0 0.8260429687499999
vt 0.02551953125 0.8260429687499999
vt 0.0249619140625 0.8515625
vt 0 0.8260429687499999
vt 0 0.8005234375
vt 0.02551953125 0.8005234375
vt 0.02551953125 0.8260429687499999
vt 0 0.8005234375
vt 0.0005576171875 0.77500390625
vt 0.0249619140625 0.77500390625
vt 0.02551953125 0.8005234375
vt 0.4480088671875 0.7389758789062499
vt 0.46379619140625 0.71889609375
vt 0.48183630859375 0.73187236328125
vt 0.46782037109375 0.7532262890625
vt 0.46379619140625 0.71889609375
vt 0.47997767578125 0.69909984375
vt 0.49545806640625 0.71023490234375
vt 0.48183630859375 0.73187236328125
vt 0.47997767578125 0.69909984375
vt 0.49649736328125 0.679546875
vt 0.508741640625 0.6883541796875
vt 0.49545806640625 0.71023490234375
vt 0.2988028515625 0.7154740625
vt 0.27809392578125 0.7305665234375001
vt 0.2712074609375 0.7227237109375
vt 0.2888511328125 0.70414029296875
vt 0.27809392578125 0.7305665234375001
vt 0.2572344921875 0.745487578125
vt 0.25371431640625 0.7414785546875
vt 0.2712074609375 0.7227237109375
vt 0.25371431640625 0.7414785546875
vt 0.2572344921875 0.745487578125
vt 0.236298125 0.760321015625
vt 0.1199852734375 0.9421151953125
vt 0.11571212890625 0.94530958984375
vt 0.1025690625 0.923272734375
vt 0.12271916015625 0.942137578125
vt 0.1419884765625 0.95906232421875
vt 0.13435498046875 0.96618013671875
vt 0.11881712890625 0.94577599609375
vt 0.1419884765625 0.95906232421875
vt 0.1610909375 0.97614265625
vt 0.1500596875 0.9864287109375
vt 0.13435498046875 0.96618013671875
vt 0.401319765625 0.7969973828125
vt 0.38803619140625 0.77511666015625
vt 0.40505771484375 0.7665201171875
vt 0.4147830078125 0.79019791015625
vt 0.38803619140625 0.77511666015625
vt 0.3751244921875 0.7530481250000001
vt 0.394960546875 0.74303013671875
vt 0.40505771484375 0.7665201171875
vt 0.2790294921875 0.6912773437499999
vt 0.2779384765625 0.6657578125
vt 0.3023427734375 0.6657578125
vt 0.3012517578125 0.6912773437499999
vt 0.2779384765625 0.6657578125
vt 0.277380859375 0.64023828125
vt 0.302900390625 0.64023828125
vt 0.3023427734375 0.6657578125
vt 0.277380859375 0.64023828125
vt 0.277380859375 0.61471875
vt 0.302900390625 0.61471875
vt 0.302900390625 0.64023828125
vt 0.277380859375 0.61471875
vt 0.2779384765625 0.5891992187499999
vt 0.3023427734375 0.5891992187499999
vt 0.302900390625 0.61471875
vt 0.2779384765625 0.5891992187499999
vt 0.2790294921875 0.5636796875000001
vt 0.3012517578125 0.5636796875000001
vt 0.3023427734375 0.5891992187499999
vt 0.4825463671875 0.7323034374999999
vt 0.49545806640625 0.71023490234375
vt 0.51247958984375 0.7188314453125
vt 0.502382421875 0.74232142578125
vt 0.49545806640625 0.71023490234375
vt 0.508741640625 0.6883541796875
vt 0.5222048828125 0.69515365234375
vt 0.51247958984375 0.7188314453125
vt 0.28817724609375 0.703517421875
vt 0.2710371484375 0.7225662890625
vt 0.2626776171875 0.71631712890625
vt 0.276096796875 0.69448669921875
vt 0.2710371484375 0.7225662890625
vt 0.25371431640625 0.7414785546875
vt 0.249441171875 0.73828416015625
vt 0.2626776171875 0.71631712890625
vt 0.249441171875 0.73828416015625
vt 0.25371431640625 0.7414785546875
vt 0.236298125 0.760321015625
vt 0.11571212890625 0.94530958984375
vt 0.1108707421875 0.9475512109374999
vt 0.1025690625 0.923272734375
vt 0.11881712890625 0.94577599609375
vt 0.13435498046875 0.96618013671875
vt 0.12546361328125 0.97164609375
vt 0.114272109375 0.9485700390625
vt 0.13435498046875 0.96618013671875
vt 0.14969849609375 0.98670375
vt 0.136849453125 0.99460267578125
vt 0.12546361328125 0.97164609375
vt 0.4147830078125 0.79019791015625
vt 0.40505771484375 0.7665201171875
vt 0.4232075 0.7606705859375
vt 0.42913865234375 0.78557119140625
vt 0.3061255859375 0.716796875
vt 0.3045490234375 0.6912773437499999
vt 0.3267712890625 0.6912773437499999
vt 0.3251947265625 0.716796875
vt 0.3045490234375 0.6912773437499999
vt 0.3034580078125 0.6657578125
vt 0.3278623046875 0.6657578125
vt 0.3267712890625 0.6912773437499999
vt 0.3034580078125 0.6657578125
vt 0.302900390625 0.64023828125
vt 0.328419921875 0.64023828125
vt 0.3278623046875 0.6657578125
vt 0.302900390625 0.64023828125
vt 0.302900390625 0.61471875
vt 0.328419921875 0.61471875
vt 0.328419921875 0.64023828125
vt 0.302900390625 0.61471875
vt 0.3034580078125 0.5891992187499999
vt 0.3278623046875 0.5891992187499999
vt 0.328419921875 0.61471875
vt 0.3034580078125 0.5891992187499999
vt 0.3045490234375 0.5636796875000001
vt 0.3267712890625 0.5636796875000001
vt 0.3278623046875 0.5891992187499999
vt 0.3045490234375 0.5636796875000001
vt 0.3061255859375 0.53816015625
vt 0.3251947265625 0.53816015625
vt 0.3267712890625 0.5636796875000001
vt 0.51247958984375 0.7188314453125
vt 0.5222048828125 0.69515365234375
vt 0.53656052734375 0.69978037109375
vt 0.530629375 0.7246809765625
vt 0.275308671875 0.694016640625
vt 0.26247841796875 0.7161983398437499
vt 0.25300728515625 0.711813046875
vt 0.26162177734375 0.68767939453125
vt 0.26247841796875 0.7161983398437499
vt 0.249441171875 0.73828416015625
vt 0.2445998046875 0.7360425390625001
vt 0.25300728515625 0.711813046875
vt 0.2445998046875 0.7360425390625001
vt 0.249441171875 0.73828416015625
vt 0.236298125 0.760321015625
vt 0.1108707421875 0.9475512109374999
vt 0.10567044921875 0.94874318359375
vt 0.1025690625 0.923272734375
vt 0.114272109375 0.9485700390625
vt 0.12546361328125 0.97164609375
vt 0.1156662109375 0.97524388671875
vt 0.10926396484375 0.95040912109375
vt 0.12546361328125 0.97164609375
vt 0.13644095703125 0.99480078125
vt 0.12228259765625 1
vt 0.1156662109375 0.97524388671875
vt 0.42913865234375 0.78557119140625
vt 0.4232075 0.7606705859375
vt 0.44204541015625 0.75770990234375
vt 0.44403857421875 0.78322943359375
vt 0.3316451171875 0.716796875
vt 0.3300685546875 0.6912773437499999
vt 0.3522908203125 0.6912773437499999
vt 0.3507142578125 0.716796875
vt 0.3300685546875 0.6912773437499999
vt 0.3289775390625 0.6657578125
vt 0.3533818359375 0.6657578125
vt 0.3522908203125 0.6912773437499999
vt 0.3289775390625 0.6657578125
vt 0.328419921875 0.64023828125
vt 0.353939453125 0.64023828125
vt 0.3533818359375 0.6657578125
vt 0.328419921875 0.64023828125
vt 0.328419921875 0.61471875
vt 0.353939453125 0.61471875
vt 0.353939453125 0.64023828125
vt 0.328419921875 0.61471875
vt 0.3289775390625 0.5891992187499999
vt 0.3533818359375 0.5891992187499999
vt 0.353939453125 0.61471875
vt 0.3289775390625 0.5891992187499999
vt 0.3300685546875 0.5636796875000001
vt 0.3522908203125 0.5636796875000001
vt 0.3533818359375 0.5891992187499999
vt 0.3300685546875 0.5636796875000001
vt 0.3316451171875 0.53816015625
vt 0.3507142578125 0.53816015625
vt 0.3522908203125 0.5636796875000001
vt 0.530629375 0.7246809765625
vt 0.53656052734375 0.69978037109375
vt 0.55146044921875 0.70212212890625
vt 0.54946728515625 0.72764166015625
vt 0.26075349609375 0.6873825
vt 0.2527878125 0.7117380078125
vt 0.24261453125 0.70940615234375
vt 0.24605193359375 0.684012734375
vt 0.2527878125 0.7117380078125
vt 0.2445998046875 0.7360425390625001
vt 0.2393994921875 0.73485056640625
vt 0.24261453125 0.70940615234375
vt 0.2393994921875 0.73485056640625
vt 0.2445998046875 0.7360425390625001
vt 0.236298125 0.760321015625
vt 0.1048020703125 0.94883396484375
vt 0.0994676953125 0.94874318359375
vt 0.1025690625 0.923272734375
vt 0.1048020703125 0.94883396484375
vt 0.10691849609375 0.974393203125
vt 0.096482890625 0.974215625
vt 0.0994676953125 0.94874318359375
vt 0.10691849609375 0.974393203125
vt 0.10880681640625 0.9999485546875
vt 0.09372619140625 0.999691953125
vt 0.096482890625 0.974215625
vt 0.44403857421875 0.78322943359375
vt 0.44204541015625 0.75770990234375
vt 0.46111455078125 0.75770990234375
vt 0.45912138671875 0.78322943359375
vt 0.3571646484375 0.716796875
vt 0.3555880859375 0.6912773437499999
vt 0.3778103515625 0.6912773437499999
vt 0.3762337890625 0.716796875
vt 0.3555880859375 0.6912773437499999
vt 0.3544970703125 0.6657578125
vt 0.3789013671875 0.6657578125
vt 0.3778103515625 0.6912773437499999
vt 0.3544970703125 0.6657578125
vt 0.353939453125 0.64023828125
vt 0.379458984375 0.64023828125
vt 0.3789013671875 0.6657578125
vt 0.353939453125 0.64023828125
vt 0.353939453125 0.61471875
vt 0.379458984375 0.61471875
vt 0.379458984375 0.64023828125
vt 0.353939453125 0.61471875
vt 0.3544970703125 0.5891992187499999
vt 0.3789013671875 0.5891992187499999
vt 0.379458984375 0.61471875
vt 0.3544970703125 0.5891992187499999
vt 0.3555880859375 0.5636796875000001
vt 0.3778103515625 0.5636796875000001
vt 0.3789013671875 0.5891992187499999
vt 0.3555880859375 0.5636796875000001
vt 0.3571646484375 0.53816015625
vt 0.3762337890625 0.53816015625
vt 0.3778103515625 0.5636796875000001
vt 0.54946728515625 0.72764166015625
vt 0.55146044921875 0.70212212890625
vt 0.56654326171875 0.70212212890625
vt 0.56853642578125 0.72764166015625
vt 0.24514099609375 0.6839017968750001
vt 0.242384296875 0.709378125
vt 0.23194869140625 0.709200546875
vt 0.23006037109375 0.6836451953125
vt 0.242384296875 0.709378125
vt 0.2393994921875 0.73485056640625
vt 0.2340651171875 0.73475978515625
vt 0.23194869140625 0.709200546875
vt 0.2340651171875 0.73475978515625
vt 0.2393994921875 0.73485056640625
vt 0.236298125 0.760321015625
vt 0.0994676953125 0.94874318359375
vt 0.0942673828125 0.9475512109374999
vt 0.1025690625 0.923272734375
vt 0.0994676953125 0.94874318359375
vt 0.09625265625 0.97418759765625
vt 0.086079375 0.9718557421875
vt 0.0942673828125 0.9475512109374999
vt 0.09625265625 0.97418759765625
vt 0.09281525390625 0.999581015625
vt 0.07811369140625 0.99621125
vt 0.086079375 0.9718557421875
vt 0.45912138671875 0.78322943359375
vt 0.46111455078125 0.75770990234375
vt 0.47995244140625 0.7606705859375
vt 0.4740212890625 0.78557119140625
vt 0.3826841796875 0.716796875
vt 0.3811076171875 0.6912773437499999
vt 0.4033298828125 0.6912773437499999
vt 0.4017533203125 0.716796875
vt 0.3811076171875 0.6912773437499999
vt 0.3800166015625 0.6657578125
vt 0.4044208984375 0.6657578125
vt 0.4033298828125 0.6912773437499999
vt 0.3800166015625 0.6657578125
vt 0.379458984375 0.64023828125
vt 0.404978515625 0.64023828125
vt 0.4044208984375 0.6657578125
vt 0.379458984375 0.64023828125
vt 0.379458984375 0.61471875
vt 0.404978515625 0.61471875
vt 0.404978515625 0.64023828125
vt 0.379458984375 0.61471875
vt 0.3800166015625 0.5891992187499999
vt 0.4044208984375 0.5891992187499999
vt 0.404978515625 0.61471875
vt 0.3800166015625 0.5891992187499999
vt 0.3811076171875 0.5636796875000001
vt 0.4033298828125 0.5636796875000001
vt 0.4044208984375 0.5891992187499999
vt 0.3811076171875 0.5636796875000001
vt 0.3826841796875 0.53816015625
vt 0.4017533203125 0.53816015625
vt 0.4033298828125 0.5636796875000001
vt 0.56853642578125 0.72764166015625
vt 0.56654326171875 0.70212212890625
vt 0.5814431640625 0.69978037109375
vt 0.58737431640625 0.7246809765625
vt 0.21658458984375 0.68359375
vt 0.2232009765625 0.7083498632812499
vt 0.21340357421875 0.71194765625
vt 0.20242623046875 0.6887929687500001
vt 0.2232009765625 0.7083498632812499
vt 0.22960322265625 0.73318462890625
vt 0.224595078125 0.7350237109375
vt 0.21340357421875 0.71194765625
vt 0.2279964453125 0.7360425390625001
vt 0.23319673828125 0.73485056640625
vt 0.236298125 0.760321015625
vt 0.0942673828125 0.9475512109374999
vt 0.089426015625 0.94530958984375
vt 0.1025690625 0.923272734375
vt 0.0942673828125 0.9475512109374999
vt 0.08585990234375 0.971780703125
vt 0.07638876953125 0.96739541015625
vt 0.089426015625 0.94530958984375
vt 0.08585990234375 0.971780703125
vt 0.07724541015625 0.99591435546875
vt 0.063558515625 0.989577109375
vt 0.07638876953125 0.96739541015625
vt 0.4740212890625 0.78557119140625
vt 0.47995244140625 0.7606705859375
vt 0.49810224609375 0.7665201171875
vt 0.48837693359375 0.79019791015625
vt 0.4082037109375 0.716796875
vt 0.4066271484375 0.6912773437499999
vt 0.4288494140625 0.6912773437499999
vt 0.4272728515625 0.716796875
vt 0.4066271484375 0.6912773437499999
vt 0.4055361328125 0.6657578125
vt 0.4299404296875 0.6657578125
vt 0.4288494140625 0.6912773437499999
vt 0.4055361328125 0.6657578125
vt 0.404978515625 0.64023828125
vt 0.430498046875 0.64023828125
vt 0.4299404296875 0.6657578125
vt 0.404978515625 0.64023828125
vt 0.404978515625 0.61471875
vt 0.430498046875 0.61471875
vt 0.430498046875 0.64023828125
vt 0.404978515625 0.61471875
vt 0.4055361328125 0.5891992187499999
vt 0.4299404296875 0.5891992187499999
vt 0.430498046875 0.61471875
vt 0.4055361328125 0.5891992187499999
vt 0.4066271484375 0.5636796875000001
vt 0.4288494140625 0.5636796875000001
vt 0.4299404296875 0.5891992187499999
vt 0.4066271484375 0.5636796875000001
vt 0.4082037109375 0.53816015625
vt 0.4272728515625 0.53816015625
vt 0.4288494140625 0.5636796875000001
vt 0.58737431640625 0.7246809765625
vt 0.5814431640625 0.69978037109375
vt 0.59579880859375 0.69515365234375
vt 0.60552412109375 0.7188314453125
vt 0.202017734375 0.6889910742187499
vt 0.21340357421875 0.71194765625
vt 0.20451220703125 0.71741361328125
vt 0.18916869140625 0.69689
vt 0.21340357421875 0.71194765625
vt 0.224595078125 0.7350237109375
vt 0.22005005859375 0.73781775390625
vt 0.20451220703125 0.71741361328125
vt 0.22315505859375 0.73828416015625
vt 0.2279964453125 0.7360425390625001
vt 0.236298125 0.760321015625
vt 0.089426015625 0.94530958984375
vt 0.08515287109375 0.9421151953125
vt 0.1025690625 0.923272734375
vt 0.089426015625 0.94530958984375
vt 0.0761895703125 0.96727662109375
vt 0.0678300390625 0.9610274609375
vt 0.08515287109375 0.9421151953125
vt 0.0761895703125 0.96727662109375
vt 0.062770390625 0.98910705078125
vt 0.05068994140625 0.980076328125
vt 0.0678300390625 0.9610274609375
vt 0.48837693359375 0.79019791015625
vt 0.49810224609375 0.7665201171875
vt 0.51512375 0.77511666015625
vt 0.50184017578125 0.7969973828125
vt 0.49810224609375 0.7665201171875
vt 0.50819939453125 0.74303013671875
vt 0.52803544921875 0.7530481250000001
vt 0.51512375 0.77511666015625
vt 0.4321466796875 0.6912773437499999
vt 0.4310556640625 0.6657578125
vt 0.4554599609375 0.6657578125
vt 0.4543689453125 0.6912773437499999
vt 0.4310556640625 0.6657578125
vt 0.430498046875 0.64023828125
vt 0.456017578125 0.64023828125
vt 0.4554599609375 0.6657578125
vt 0.430498046875 0.64023828125
vt 0.430498046875 0.61471875
vt 0.456017578125 0.61471875
vt 0.456017578125 0.64023828125
vt 0.430498046875 0.61471875
vt 0.4310556640625 0.5891992187499999
vt 0.4554599609375 0.5891992187499999
vt 0.456017578125 0.61471875
vt 0.4310556640625 0.5891992187499999
vt 0.4321466796875 0.5636796875000001
vt 0.4543689453125 0.5636796875000001
vt 0.4554599609375 0.5891992187499999
vt 0.61562126953125 0.74232142578125
vt 0.60552412109375 0.7188314453125
vt 0.622545625 0.71023490234375
vt 0.63545732421875 0.7323034374999999
vt 0.60552412109375 0.7188314453125
vt 0.59579880859375 0.69515365234375
vt 0.60926205078125 0.6883541796875
vt 0.622545625 0.71023490234375
vt 0.1888075 0.6971650390624999
vt 0.20451220703125 0.71741361328125
vt 0.1968787109375 0.7245314257812501
vt 0.17777625 0.70745109375
vt 0.20451220703125 0.71741361328125
vt 0.22005005859375 0.73781775390625
vt 0.21614802734375 0.741456171875
vt 0.1968787109375 0.7245314257812501
vt 0.2188819140625 0.7414785546875
vt 0.22315505859375 0.73828416015625
vt 0.236298125 0.760321015625
vt 0.08515287109375 0.9421151953125
vt 0.0816326953125 0.938106171875
vt 0.1025690625 0.923272734375
vt 0.08515287109375 0.9421151953125
vt 0.0676597265625 0.9608700390625
vt 0.06077326171875 0.9530272265625
vt 0.0816326953125 0.938106171875
vt 0.0676597265625 0.9608700390625
vt 0.0500160546875 0.97945345703125
vt 0.0400643359375 0.9681196875
vt 0.06077326171875 0.9530272265625
vt 0.50184017578125 0.7969973828125
vt 0.51512375 0.77511666015625
vt 0.530604140625 0.78625171875
vt 0.514084453125 0.8058046875
vt 0.51512375 0.77511666015625
vt 0.5287455078125 0.75347919921875
vt 0.546785625 0.76645546875
vt 0.530604140625 0.78625171875
vt 0.4333634765625 0.5604179687499999
vt 0.4322724609375 0.5348984375
vt 0.4566767578125 0.5348984375
vt 0.4555857421875 0.5604179687499999
vt 0.4322724609375 0.5348984375
vt 0.43171484375 0.50937890625
vt 0.457234375 0.50937890625
vt 0.4566767578125 0.5348984375
vt 0.43171484375 0.50937890625
vt 0.43171484375 0.483859375
vt 0.457234375 0.483859375
vt 0.457234375 0.50937890625
vt 0.43171484375 0.483859375
vt 0.4322724609375 0.45833984375000003
vt 0.4566767578125 0.45833984375000003
vt 0.457234375 0.483859375
vt 0.4322724609375 0.45833984375000003
vt 0.4333634765625 0.43282031249999997
vt 0.4555857421875 0.43282031249999997
vt 0.4566767578125 0.45833984375000003
vt 0.6361673828125 0.73187236328125
vt 0.622545625 0.71023490234375
vt 0.638026015625 0.69909984375
vt 0.6542075 0.71889609375
vt 0.622545625 0.71023490234375
vt 0.60926205078125 0.6883541796875
vt 0.621506328125 0.679546875
vt 0.638026015625 0.69909984375
vt 0.17747666015625 0.7077921875
vt 0.1968787109375 0.7245314257812501
vt 0.19080521484375 0.73301939453125
vt 0.16869974609375 0.72005828125
vt 0.1968787109375 0.7245314257812501
vt 0.21614802734375 0.741456171875
vt 0.21304341796875 0.745795
vt 0.19080521484375 0.73301939453125
vt 0.21536173828125 0.745487578125
vt 0.2188819140625 0.7414785546875
vt 0.236298125 0.760321015625
vt 0.0816326953125 0.938106171875
vt 0.0790176953125 0.9334558203125
vt 0.1025690625 0.923272734375
vt 0.0816326953125 0.938106171875
vt 0.06063916015625 0.95283796875
vt 0.0555234765625 0.943740546875
vt 0.0790176953125 0.9334558203125
vt 0.06063916015625 0.95283796875
vt 0.039533828125 0.96737091796875
vt 0.03214107421875 0.95422412109375
vt 0.0555234765625 0.943740546875
vt 0.514084453125 0.8058046875
vt 0.530604140625 0.78625171875
vt 0.54416798828125 0.79965521484375
vt 0.52481283203125 0.81640625
vt 0.4604595703125 0.5859375
vt 0.4588830078125 0.5604179687499999
vt 0.4811052734375 0.5604179687499999
vt 0.4795287109375 0.5859375
vt 0.4588830078125 0.5604179687499999
vt 0.4577919921875 0.5348984375
vt 0.4821962890625 0.5348984375
vt 0.4811052734375 0.5604179687499999
vt 0.4577919921875 0.5348984375
vt 0.457234375 0.50937890625
vt 0.48275390625 0.50937890625
vt 0.4821962890625 0.5348984375
vt 0.457234375 0.50937890625
vt 0.457234375 0.483859375
vt 0.48275390625 0.483859375
vt 0.48275390625 0.50937890625
vt 0.457234375 0.483859375
vt 0.4577919921875 0.45833984375000003
vt 0.4821962890625 0.45833984375000003
vt 0.48275390625 0.483859375
vt 0.4577919921875 0.45833984375000003
vt 0.4588830078125 0.43282031249999997
vt 0.4811052734375 0.43282031249999997
vt 0.4821962890625 0.45833984375000003
vt 0.4588830078125 0.43282031249999997
vt 0.4604595703125 0.40730078125
vt 0.4795287109375 0.40730078125
vt 0.4811052734375 0.43282031249999997
vt 0.638026015625 0.69909984375
vt 0.621506328125 0.679546875
vt 0.63223470703125 0.6689453125
vt 0.65158986328125 0.68569634765625
vt 0.16847359375 0.72045193359375
vt 0.19080521484375 0.73301939453125
vt 0.18653205078125 0.74254166015625
vt 0.16229837890625 0.7342126757812499
vt 0.19080521484375 0.73301939453125
vt 0.21304341796875 0.745795
vt 0.2108591015625 0.7506625
vt 0.18653205078125 0.74254166015625
vt 0.21274673828125 0.7501379296875
vt 0.21536173828125 0.745487578125
vt 0.236298125 0.760321015625
vt 0.0790176953125 0.9334558203125
vt 0.0774209375 0.928365234375
vt 0.1025690625 0.923272734375
vt 0.0790176953125 0.9334558203125
vt 0.05543142578125 0.94352765625
vt 0.05230767578125 0.93356896484375
vt 0.0774209375 0.928365234375
vt 0.05543142578125 0.94352765625
vt 0.031776875 0.95338181640625
vt 0.02726271484375 0.938990390625
vt 0.05230767578125 0.93356896484375
vt 0.031776875 0.95338181640625
vt 0.00802365234375 0.96292140625
vt 0.00231642578125 0.9447263671875
vt 0.02726271484375 0.938990390625
vt 0.4859791015625 0.5859375
vt 0.4844025390625 0.5604179687499999
vt 0.5066248046875 0.5604179687499999
vt 0.5050482421875 0.5859375
vt 0.4844025390625 0.5604179687499999
vt 0.4833115234375 0.5348984375
vt 0.5077158203125 0.5348984375
vt 0.5066248046875 0.5604179687499999
vt 0.4833115234375 0.5348984375
vt 0.48275390625 0.50937890625
vt 0.5082734375 0.50937890625
vt 0.5077158203125 0.5348984375
vt 0.48275390625 0.50937890625
vt 0.48275390625 0.483859375
vt 0.5082734375 0.483859375
vt 0.5082734375 0.50937890625
vt 0.48275390625 0.483859375
vt 0.4833115234375 0.45833984375000003
vt 0.5077158203125 0.45833984375000003
vt 0.5082734375 0.483859375
vt 0.4833115234375 0.45833984375000003
vt 0.4844025390625 0.43282031249999997
vt 0.5066248046875 0.43282031249999997
vt 0.5077158203125 0.45833984375000003
vt 0.4844025390625 0.43282031249999997
vt 0.4859791015625 0.40730078125
vt 0.5050482421875 0.40730078125
vt 0.5066248046875 0.43282031249999997
vt 0.137704453125 0.72706650390625
vt 0.16215462890625 0.7346433007812501
vt 0.15882548828125 0.74935412109375
vt 0.1334954296875 0.7456653320312501
vt 0.16215462890625 0.7346433007812501
vt 0.18653205078125 0.74254166015625
vt 0.1842283203125 0.75272134765625
vt 0.15882548828125 0.74935412109375
vt 0.18653205078125 0.74254166015625
vt 0.2108591015625 0.7506625
vt 0.20968150390625 0.75586607421875
vt 0.1842283203125 0.75272134765625
vt 0.21114998046875 0.755228515625
vt 0.21274673828125 0.7501379296875
vt 0.236298125 0.760321015625
vt 0.0774209375 0.928365234375
vt 0.07691142578125 0.923054453125
vt 0.1025690625 0.923272734375
vt 0.0774209375 0.928365234375
vt 0.05226166015625 0.933341640625
vt 0.051264921875 0.92295224609375
vt 0.07691142578125 0.923054453125
vt 0.05226166015625 0.933341640625
vt 0.0270805859375 0.9380909765625
vt 0.0256401953125 0.923077109375
vt 0.051264921875 0.92295224609375
vt 0.0270805859375 0.9380909765625
vt 0.001868046875 0.94251212890625
vt 0.000046953125 0.92353015625
vt 0.0256401953125 0.923077109375
vt 0.5114986328125 0.5859375
vt 0.5099220703125 0.5604179687499999
vt 0.5321443359375 0.5604179687499999
vt 0.5305677734375 0.5859375
vt 0.5099220703125 0.5604179687499999
vt 0.5088310546875 0.5348984375
vt 0.5332353515625 0.5348984375
vt 0.5321443359375 0.5604179687499999
vt 0.5088310546875 0.5348984375
vt 0.5082734375 0.50937890625
vt 0.53379296875 0.50937890625
vt 0.5332353515625 0.5348984375
vt 0.5082734375 0.50937890625
vt 0.5082734375 0.483859375
vt 0.53379296875 0.483859375
vt 0.53379296875 0.50937890625
vt 0.5082734375 0.483859375
vt 0.5088310546875 0.45833984375000003
vt 0.5332353515625 0.45833984375000003
vt 0.53379296875 0.483859375
vt 0.5088310546875 0.45833984375000003
vt 0.5099220703125 0.43282031249999997
vt 0.5321443359375 0.43282031249999997
vt 0.5332353515625 0.45833984375000003
vt 0.5099220703125 0.43282031249999997
vt 0.5114986328125 0.40730078125
vt 0.5305677734375 0.40730078125
vt 0.5321443359375 0.43282031249999997
vt 0.1333036328125 0.7472175976562501
vt 0.15876982421875 0.74980466796875
vt 0.1584184765625 0.7648833984375
vt 0.132859453125 0.76628158203125
vt 0.15876982421875 0.74980466796875
vt 0.1842283203125 0.75272134765625
vt 0.1839851953125 0.763155625
vt 0.1584184765625 0.7648833984375
vt 0.1842283203125 0.75272134765625
vt 0.20968150390625 0.75586607421875
vt 0.2095572265625 0.76119978515625
vt 0.1839851953125 0.763155625
vt 0.21064046875 0.760539296875
vt 0.21114998046875 0.755228515625
vt 0.236298125 0.760321015625
vt 0.07691142578125 0.923054453125
vt 0.0775112109375 0.917753125
vt 0.1025690625 0.923272734375
vt 0.07691142578125 0.923054453125
vt 0.05126689453125 0.9227203125
vt 0.05244025390625 0.91234935546875
vt 0.0775112109375 0.917753125
vt 0.05126689453125 0.9227203125
vt 0.02564798828125 0.92215947265625
vt 0.0273436328125 0.90717228515625
vt 0.05244025390625 0.91234935546875
vt 0.02564798828125 0.92215947265625
vt 0.000066171875 0.9212710546875
vt 0.0022099609375 0.9023228125
vt 0.0273436328125 0.90717228515625
vt 0.5370181640625 0.5859375
vt 0.5354416015625 0.5604179687499999
vt 0.5576638671875 0.5604179687499999
vt 0.5560873046875 0.5859375
vt 0.5354416015625 0.5604179687499999
vt 0.5343505859375 0.5348984375
vt 0.5587548828125 0.5348984375
vt 0.5576638671875 0.5604179687499999
vt 0.5343505859375 0.5348984375
vt 0.53379296875 0.50937890625
vt 0.5593125 0.50937890625
vt 0.5587548828125 0.5348984375
vt 0.53379296875 0.50937890625
vt 0.53379296875 0.483859375
vt 0.5593125 0.483859375
vt 0.5593125 0.50937890625
vt 0.53379296875 0.483859375
vt 0.5343505859375 0.45833984375000003
vt 0.5587548828125 0.45833984375000003
vt 0.5593125 0.483859375
vt 0.5343505859375 0.45833984375000003
vt 0.5354416015625 0.43282031249999997
vt 0.5576638671875 0.43282031249999997
vt 0.5587548828125 0.45833984375000003
vt 0.5354416015625 0.43282031249999997
vt 0.5370181640625 0.40730078125
vt 0.5560873046875 0.40730078125
vt 0.5576638671875 0.43282031249999997
vt 0.13297873046875 0.76784109375
vt 0.15845310546875 0.7653360546875
vt 0.1610934765625 0.7801859570312499
vt 0.136316953125 0.78661578125
vt 0.15845310546875 0.7653360546875
vt 0.1839851953125 0.763155625
vt 0.1858123046875 0.7734315625
vt 0.1610934765625 0.7801859570312499
vt 0.1839851953125 0.763155625
vt 0.2095572265625 0.76119978515625
vt 0.21049119140625 0.76645255859375
vt 0.1858123046875 0.7734315625
vt 0.21124025390625 0.765840625
vt 0.21064046875 0.760539296875
vt 0.236298125 0.760321015625
vt 0.0775112109375 0.917753125
vt 0.07919435546875 0.9126904296875
vt 0.1025690625 0.923272734375
vt 0.0775112109375 0.917753125
vt 0.05249013671875 0.9121228515625
vt 0.05578287109375 0.90221875
vt 0.07919435546875 0.9126904296875
vt 0.05249013671875 0.9121228515625
vt 0.02754103515625 0.90627611328125
vt 0.03229939453125 0.8919635546875
vt 0.05578287109375 0.90221875
vt 0.02754103515625 0.90627611328125
vt 0.0026959375 0.9001165234375
vt 0.00871193359375 0.8820212109375
vt 0.03229939453125 0.8919635546875
vt 0.5625376953125 0.5859375
vt 0.5609611328125 0.5604179687499999
vt 0.5831833984375 0.5604179687499999
vt 0.5816068359375 0.5859375
vt 0.5609611328125 0.5604179687499999
vt 0.5598701171875 0.5348984375
vt 0.5842744140625 0.5348984375
vt 0.5831833984375 0.5604179687499999
vt 0.5598701171875 0.5348984375
vt 0.5593125 0.50937890625
vt 0.58483203125 0.50937890625
vt 0.5842744140625 0.5348984375
vt 0.5593125 0.50937890625
vt 0.5593125 0.483859375
vt 0.58483203125 0.483859375
vt 0.58483203125 0.50937890625
vt 0.5593125 0.483859375
vt 0.5598701171875 0.45833984375000003
vt 0.5842744140625 0.45833984375000003
vt 0.58483203125 0.483859375
vt 0.5598701171875 0.45833984375000003
vt 0.5609611328125 0.43282031249999997
vt 0.5831833984375 0.43282031249999997
vt 0.5842744140625 0.45833984375000003
vt 0.5609611328125 0.43282031249999997
vt 0.5625376953125 0.40730078125
vt 0.5816068359375 0.40730078125
vt 0.5831833984375 0.43282031249999997
vt 0.136742578125 0.7881208203125
vt 0.16121703125 0.7806228125
vt 0.16674462890625 0.79465623046875
vt 0.14373109375 0.80586322265625
vt 0.16121703125 0.7806228125
vt 0.1858123046875 0.7734315625
vt 0.18963734375 0.7831425
vt 0.16674462890625 0.79465623046875
vt 0.1858123046875 0.7734315625
vt 0.21049119140625 0.76645255859375
vt 0.2124464453125 0.7714165039062499
vt 0.18963734375 0.7831425
vt 0.21292341796875 0.7709033203125
vt 0.21124025390625 0.765840625
vt 0.236298125 0.760321015625
vt 0.07919435546875 0.9126904296875
vt 0.08188810546875 0.9080852539062501
vt 0.1025690625 0.923272734375
vt 0.07919435546875 0.9126904296875
vt 0.055878515625 0.9020074609375
vt 0.06114826171875 0.8929983984375
vt 0.08188810546875 0.9080852539062501
vt 0.055878515625 0.9020074609375
vt 0.03267787109375 0.891127578125
vt 0.0402932421875 0.87810845703125
vt 0.06114826171875 0.8929983984375
vt 0.03267787109375 0.891127578125
vt 0.009643671875 0.879963125
vt 0.0192717578125 0.86350310546875
vt 0.0402932421875 0.87810845703125
vt 0.186346328125 0.681640625
vt 0.181640625 0.65650919921875
vt 0.20369390625 0.65377392578125
vt 0.20527046875 0.67929345703125
vt 0.5864806640625 0.5604179687499999
vt 0.5853896484375 0.5348984375
vt 0.6097939453125 0.5348984375
vt 0.6087029296875 0.5604179687499999
vt 0.5853896484375 0.5348984375
vt 0.58483203125 0.50937890625
vt 0.6103515625 0.50937890625
vt 0.6097939453125 0.5348984375
vt 0.58483203125 0.50937890625
vt 0.58483203125 0.483859375
vt 0.6103515625 0.483859375
vt 0.6103515625 0.50937890625
vt 0.58483203125 0.483859375
vt 0.5853896484375 0.45833984375000003
vt 0.6097939453125 0.45833984375000003
vt 0.6103515625 0.483859375
vt 0.5853896484375 0.45833984375000003
vt 0.5864806640625 0.43282031249999997
vt 0.6087029296875 0.43282031249999997
vt 0.6097939453125 0.45833984375000003
vt 0.181640625 0.5234409765625
vt 0.186346328125 0.49830955078125005
vt 0.20527046875 0.50065673828125
vt 0.20369390625 0.52617626953125
vt 0.1444462109375 0.8072542578124999
vt 0.16695220703125 0.79506
vt 0.17514828125 0.8077215625
vt 0.15480849609375 0.8232622265625
vt 0.16695220703125 0.79506
vt 0.18963734375 0.7831425
vt 0.19530892578125 0.791904140625
vt 0.17514828125 0.8077215625
vt 0.18963734375 0.7831425
vt 0.2124464453125 0.7714165039062499
vt 0.21534560546875 0.77589521484375
vt 0.19530892578125 0.791904140625
vt 0.2156171484375 0.7755084960937499
vt 0.21292341796875 0.7709033203125
vt 0.236298125 0.760321015625
vt 0.08188810546875 0.9080852539062501
vt 0.0854759765625 0.9041366992187501
vt 0.1025690625 0.923272734375
vt 0.08188810546875 0.9080852539062501
vt 0.061285546875 0.89281146484375
vt 0.068304453125 0.88508693359375
vt 0.0854759765625 0.9041366992187501
vt 0.061285546875 0.89281146484375
vt 0.04083640625 0.877368828125
vt 0.05097953125 0.866206015625
vt 0.068304453125 0.88508693359375
vt 0.04083640625 0.877368828125
vt 0.020608984375 0.86168220703125
vt 0.033432890625 0.8475691015625
vt 0.05097953125 0.866206015625
vt 0.20527046875 0.67929345703125
vt 0.20369390625 0.65377392578125
vt 0.225916171875 0.65377392578125
vt 0.224339609375 0.67929345703125
vt 0.20369390625 0.65377392578125
vt 0.202602890625 0.62825439453125
vt 0.2270071875 0.62825439453125
vt 0.225916171875 0.65377392578125
vt 0.202602890625 0.62825439453125
vt 0.2020452734375 0.6027348632812499
vt 0.2275648046875 0.6027348632812499
vt 0.2270071875 0.62825439453125
vt 0.2020452734375 0.6027348632812499
vt 0.2020452734375 0.57721533203125
vt 0.2275648046875 0.57721533203125
vt 0.2275648046875 0.6027348632812499
vt 0.2020452734375 0.57721533203125
vt 0.202602890625 0.55169580078125
vt 0.2270071875 0.55169580078125
vt 0.2275648046875 0.57721533203125
vt 0.202602890625 0.55169580078125
vt 0.20369390625 0.52617626953125
vt 0.225916171875 0.52617626953125
vt 0.2270071875 0.55169580078125
vt 0.20369390625 0.52617626953125
vt 0.20527046875 0.50065673828125
vt 0.224339609375 0.50065673828125
vt 0.225916171875 0.52617626953125
vt 0.1557848046875 0.8244841796875
vt 0.1754316796875 0.80807625
vt 0.185971875 0.81886490234375
vt 0.16911076171875 0.8381242382812499
vt 0.1754316796875 0.80807625
vt 0.19530892578125 0.791904140625
vt 0.2026026171875 0.7993697656250001
vt 0.185971875 0.81886490234375
vt 0.19530892578125 0.791904140625
vt 0.21534560546875 0.77589521484375
vt 0.21907392578125 0.77971142578125
vt 0.2026026171875 0.7993697656250001
vt 0.21920501953125 0.7794570507812499
vt 0.2156171484375 0.7755084960937499
vt 0.236298125 0.760321015625
vt 0.0854759765625 0.9041366992187501
vt 0.0898028515625 0.90101546875
vt 0.1025690625 0.923272734375
vt 0.0854759765625 0.9041366992187501
vt 0.06847744140625 0.884932421875
vt 0.0769420703125 0.87882642578125
vt 0.0898028515625 0.90101546875
vt 0.06847744140625 0.884932421875
vt 0.05166390625 0.86559470703125
vt 0.06389626953125 0.8567708203125
vt 0.0769420703125 0.87882642578125
vt 0.05166390625 0.86559470703125
vt 0.0351177734375 0.8460641015625
vt 0.0505830859375 0.8349081054687499
vt 0.06389626953125 0.8567708203125
vt 0.224339609375 0.67929345703125
vt 0.225916171875 0.65377392578125
vt 0.247969453125 0.65650919921875
vt 0.24326375 0.681640625
vt 0.0016857421875 0.6990898437499999
vt 0.0005947265625 0.6735703125
vt 0.0249990234375 0.6735703125
vt 0.0239080078125 0.6990898437499999
vt 0.0005947265625 0.6735703125
vt 0.000037109375 0.64805078125
vt 0.025556640625 0.64805078125
vt 0.0249990234375 0.6735703125
vt 0.000037109375 0.64805078125
vt 0.000037109375 0.62253125
vt 0.025556640625 0.62253125
vt 0.025556640625 0.64805078125
vt 0.000037109375 0.62253125
vt 0.0005947265625 0.5970117187499999
vt 0.0249990234375 0.5970117187499999
vt 0.025556640625 0.62253125
vt 0.0005947265625 0.5970117187499999
vt 0.0016857421875 0.5714921875000001
vt 0.0239080078125 0.5714921875000001
vt 0.0249990234375 0.5970117187499999
vt 0.225916171875 0.52617626953125
vt 0.224339609375 0.50065673828125
vt 0.24326375 0.49830955078125005
vt 0.247969453125 0.5234409765625
vt 0.17030962890625 0.83912875
vt 0.18631986328125 0.819156484375
vt 0.19878708984375 0.8276452734374999
vt 0.18607189453125 0.84986109375
vt 0.18631986328125 0.819156484375
vt 0.2026026171875 0.7993697656250001
vt 0.211229765625 0.80524388671875
vt 0.19878708984375 0.8276452734374999
vt 0.2026026171875 0.7993697656250001
vt 0.21907392578125 0.77971142578125
vt 0.22348388671875 0.78271412109375
vt 0.211229765625 0.80524388671875
vt 0.22353189453125 0.78257828125
vt 0.21920501953125 0.7794570507812499
vt 0.236298125 0.760321015625
vt 0.0898028515625 0.90101546875
vt 0.09468166015625 0.8988565234375
vt 0.1025690625 0.923272734375
vt 0.0898028515625 0.90101546875
vt 0.07714326171875 0.878711015625
vt 0.08668763671875 0.8744875
vt 0.09468166015625 0.8988565234375
vt 0.07714326171875 0.878711015625
vt 0.064692265625 0.8563142578125
vt 0.078485 0.85021080078125
vt 0.08668763671875 0.8744875
vt 0.064692265625 0.8563142578125
vt 0.0525427734375 0.8337840625
vt 0.069980859375 0.8260675
vt 0.078485 0.85021080078125
vt 0.0287818359375 0.724609375
vt 0.0272052734375 0.6990898437499999
vt 0.0494275390625 0.6990898437499999
vt 0.0478509765625 0.724609375
vt 0.0272052734375 0.6990898437499999
vt 0.0261142578125 0.6735703125
vt 0.0505185546875 0.6735703125
vt 0.0494275390625 0.6990898437499999
vt 0.0261142578125 0.6735703125
vt 0.025556640625 0.64805078125
vt 0.051076171875 0.64805078125
vt 0.0505185546875 0.6735703125
vt 0.025556640625 0.64805078125
vt 0.025556640625 0.62253125
vt 0.051076171875 0.62253125
vt 0.051076171875 0.64805078125
vt 0.025556640625 0.62253125
vt 0.0261142578125 0.5970117187499999
vt 0.0505185546875 0.5970117187499999
vt 0.051076171875 0.62253125
vt 0.0261142578125 0.5970117187499999
vt 0.0272052734375 0.5714921875000001
vt 0.0494275390625 0.5714921875000001
vt 0.0505185546875 0.5970117187499999
vt 0.0272052734375 0.5714921875000001
vt 0.0287818359375 0.54597265625
vt 0.0478509765625 0.54597265625
vt 0.0494275390625 0.5714921875000001
vt 0.18744587890625 0.85060841796875
vt 0.1991858984375 0.8278621875000001
vt 0.21308673828125 0.8337151953124999
vt 0.2050206640625 0.85800833984375
vt 0.1991858984375 0.8278621875000001
vt 0.211229765625 0.80524388671875
vt 0.22084896484375 0.8092941015625
vt 0.21308673828125 0.8337151953124999
vt 0.211229765625 0.80524388671875
vt 0.22348388671875 0.78271412109375
vt 0.22840095703125 0.7847844726562501
vt 0.22084896484375 0.8092941015625
vt 0.22841072265625 0.7847372265625
vt 0.22353189453125 0.78257828125
vt 0.236298125 0.760321015625
vt 0.09468166015625 0.8988565234375
vt 0.099901484375 0.897753203125
vt 0.1025690625 0.923272734375
vt 0.09468166015625 0.8988565234375
vt 0.08690833984375 0.8744162109375
vt 0.09711982421875 0.8722577929687501
vt 0.099901484375 0.897753203125
vt 0.08690833984375 0.8744162109375
vt 0.07935822265625 0.8499287109375
vt 0.09411498046875 0.84680955078125
vt 0.09711982421875 0.8722577929687501
vt 0.07935822265625 0.8499287109375
vt 0.07213064453125 0.8253730273437501
vt 0.09078755859375 0.8214294921875
vt 0.09411498046875 0.84680955078125
vt 0.0543013671875 0.724609375
vt 0.0527248046875 0.6990898437499999
vt 0.0749470703125 0.6990898437499999
vt 0.0733705078125 0.724609375
vt 0.0527248046875 0.6990898437499999
vt 0.0516337890625 0.6735703125
vt 0.0760380859375 0.6735703125
vt 0.0749470703125 0.6990898437499999
vt 0.0516337890625 0.6735703125
vt 0.051076171875 0.64805078125
vt 0.076595703125 0.64805078125
vt 0.0760380859375 0.6735703125
vt 0.051076171875 0.64805078125
vt 0.051076171875 0.62253125
vt 0.076595703125 0.62253125
vt 0.076595703125 0.64805078125
vt 0.051076171875 0.62253125
vt 0.0516337890625 0.5970117187499999
vt 0.0760380859375 0.5970117187499999
vt 0.076595703125 0.62253125
vt 0.0516337890625 0.5970117187499999
vt 0.0527248046875 0.5714921875000001
vt 0.0749470703125 0.5714921875000001
vt 0.0760380859375 0.5970117187499999
vt 0.0527248046875 0.5714921875000001
vt 0.0543013671875 0.54597265625
vt 0.0733705078125 0.54597265625
vt 0.0749470703125 0.5714921875000001
vt 0.20651541015625 0.8584689062499999
vt 0.21352060546875 0.8338488671875
vt 0.22830498046875 0.836834453125
vt 0.2252072265625 0.8622435546875
vt 0.21352060546875 0.8338488671875
vt 0.22084896484375 0.8092941015625
vt 0.2310795703125 0.811360078125
vt 0.22830498046875 0.836834453125
vt 0.22084896484375 0.8092941015625
vt 0.22840095703125 0.7847844726562501
vt 0.233630546875 0.785840546875
vt 0.2310795703125 0.811360078125
vt 0.233630546875 0.785840546875
vt 0.22841072265625 0.7847372265625
vt 0.236298125 0.760321015625
vt 0.099901484375 0.897753203125
vt 0.105236640625 0.897753203125
vt 0.1025690625 0.923272734375
vt 0.099901484375 0.897753203125
vt 0.0973505078125 0.872233671875
vt 0.1077876171875 0.872233671875
vt 0.105236640625 0.897753203125
vt 0.0973505078125 0.872233671875
vt 0.09502765625 0.8467141406250001
vt 0.11011046875 0.8467141406250001
vt 0.1077876171875 0.872233671875
vt 0.09502765625 0.8467141406250001
vt 0.0930344921875 0.821194609375
vt 0.1121036328125 0.821194609375
vt 0.11011046875 0.8467141406250001
vt 0.0798208984375 0.724609375
vt 0.0782443359375 0.6990898437499999
vt 0.1004666015625 0.6990898437499999
vt 0.0988900390625 0.724609375
vt 0.0782443359375 0.6990898437499999
vt 0.0771533203125 0.6735703125
vt 0.1015576171875 0.6735703125
vt 0.1004666015625 0.6990898437499999
vt 0.0771533203125 0.6735703125
vt 0.076595703125 0.64805078125
vt 0.102115234375 0.64805078125
vt 0.1015576171875 0.6735703125
vt 0.076595703125 0.64805078125
vt 0.076595703125 0.62253125
vt 0.102115234375 0.62253125
vt 0.102115234375 0.64805078125
vt 0.076595703125 0.62253125
vt 0.0771533203125 0.5970117187499999
vt 0.1015576171875 0.5970117187499999
vt 0.102115234375 0.62253125
vt 0.0771533203125 0.5970117187499999
vt 0.0782443359375 0.5714921875000001
vt 0.1004666015625 0.5714921875000001
vt 0.1015576171875 0.5970117187499999
vt 0.0782443359375 0.5714921875000001
vt 0.0798208984375 0.54597265625
vt 0.0988900390625 0.54597265625
vt 0.1004666015625 0.5714921875000001
vt 0.2267635546875 0.862399140625
vt 0.22875671875 0.8368796093749999
vt 0.24383953125 0.8368796093749999
vt 0.2458326953125 0.862399140625
vt 0.22875671875 0.8368796093749999
vt 0.2310795703125 0.811360078125
vt 0.2415166796875 0.811360078125
vt 0.24383953125 0.8368796093749999
vt 0.2310795703125 0.811360078125
vt 0.233630546875 0.785840546875
vt 0.238965703125 0.785840546875
vt 0.2415166796875 0.811360078125
vt 0.238965703125 0.785840546875
vt 0.233630546875 0.785840546875
vt 0.236298125 0.760321015625
vn 0.021732562913874803 0.9945219339321207 0.10224391735995497
vn 0.06424830268765368 0.9510563932726824 0.3022646066229269
vn 0.10395615377819477 0.8660253871822098 0.4890737642192106
vn 0.13912034460666386 0.7431446778514075 0.6545086076574174
vn 0.16820384866649946 0.5877855120039924 0.7913378906459504
vn 0.18993681898978781 0.406736290269612 0.8935824500121714
vn 0.20336862541702624 0.20791208673008005 0.9567725781958495
vn 0.20791201937320622 0 0.9781475308971319
vn 0.20336830972612488 -0.20791209362193436 0.9567726438004397
vn 0.189936582955996 -0.40673629965885555 0.8935824959089239
vn 0.16820433958291178 -0.5877854871117911 0.7913378047877094
vn 0.13912051660820424 -0.7431446687730212 0.6545085814050898
vn 0.10395581041624781 -0.8660254028950135 0.48907380937976114
vn 0.06424817313278364 -0.9510563972828934 0.30226462154275247
vn 0.0217325629138748 -0.9945219339321207 0.10224391735995494
vn 0.04251528514078669 0.9945219352111442 0.09549120856538956
vn 0.1256888886199852 0.9510563791125868 0.2823013762395227
vn 0.20336841501436534 0.8660253279695398 0.4567728309453137
vn 0.2721594409623916 0.7431447351806341 0.6112815564601503
vn 0.32905691992147595 0.5877858406867883 0.7390733041721349
vn 0.37157197664007385 0.4067361576062716 0.8345657339427943
vn 0.3978481278160863 0.20791170049043114 0.8935824483462129
vn 0.4067362925123638 0 0.9135456137234181
vn 0.3978479092090494 -0.20791170559508426 0.893582544488494
vn 0.37157277476185 -0.4067361237491296 0.8345653950969406
vn 0.3290560197012247 -0.5877858891539255 0.7390736664297523
vn 0.2721600462666225 -0.7431447014233814 0.6112813280008668
vn 0.20336867827355595 -0.8660253152990749 0.45677273775741595
vn 0.1256883386611745 -0.9510563969529766 0.2823015609935871
vn 0.042515285140786695 -0.9945219352111442 0.09549120856538958
vn 0.06144020574762467 0.9945219347516592 0.08456490061193428
vn 0.1816359787310343 0.9510563330933159 0.2500004450266346
vn 0.2938924215885791 0.8660254197395886 0.4045086116483439
vn 0.3933052624276995 0.7431449841665694 0.5413376977956993
vn 0.4755284104779644 0.5877852459284105 0.6545083922282271
vn 0.5369690424443815 0.4067368252438456 0.7390733403708467
vn 0.5749410596736328 0.20791142407376723 0.7913378656686273
vn 0.5877855508881895 0 0.8090167774323765
vn 0.5749413497596341 -0.2079114164345534 0.7913376569156482
vn 0.536968663847903 -0.406736843292044 0.739073605505041
vn 0.47552858421400096 -0.5877852354710911 0.6545082753927729
vn 0.3933047249184018 -0.7431450174857652 0.5413380425787033
vn 0.29389264688674815 -0.8660254077520232 0.40450847362427844
vn 0.181636394849528 -0.951056318231684 0.2500001992352413
vn 0.061440205747624675 -0.9945219347516592 0.0845649006119343
vn 0.0776794579381083 0.9945219342653984 0.06994300593663663
vn 0.2296444011119696 0.9510563754644045 0.20677335352127565
vn 0.3715722155096164 0.8660254754060251 0.3345653368313032
vn 0.49726086023606186 0.743144750082466 0.4477359906263521
vn 0.6012169587032065 0.587785296581172 0.5413377999831996
vn 0.6788966817850233 0.4067365315927212 0.6112811867947584
vn 0.7269051897006251 0.2079116847352581 0.6545086527593389
vn 0.7431446830667559 0 0.6691307645218617
vn 0.7269053998793046 -0.20791167805486357 0.6545084214543913
vn 0.6788968334552282 -0.4067365229082928 0.6112810241263309
vn 0.6012165732732461 -0.5877853242546006 0.5413381979987091
vn 0.497260869926487 -0.7431447493714128 0.44773598104424583
vn 0.3715717994732393 -0.8660255014250186 0.3345657315353204
vn 0.2296445589879893 -0.9510563688723769 0.20677320850270056
vn 0.0776794579381083 -0.9945219342653984 0.06994300593663663
vn 0.09052397986537207 0.9945219343716359 0.05226405191939796
vn 0.26761689531248967 0.9510564080447472 0.15450859542539183
vn 0.4330126913033702 0.8660253826067407 0.2500000917021045
vn 0.5794842982339947 0.7431447230272626 0.33456519355274805
vn 0.7006291892670151 0.5877850086684375 0.4045089896796978
vn 0.7911532742097628 0.4067367213609622 0.4567731780694958
vn 0.8471006319533811 0.20791191376916243 0.489073773021031
vn 0.866025405939417 0 0.4999999962674684
vn 0.8471003390698361 -0.20791192619226234 0.4890742750286423
vn 0.7911532804472358 -0.40673672088801405 0.4567731676870296
vn 0.7006295607295545 -0.587784973734422 0.40450839704997055
vn 0.5794841300479253 -0.7431447390015652 0.33456544937709093
vn 0.43301281200185304 -0.8660253729402415 0.2499999161319138
vn 0.2676168377646831 -0.9510564110973284 0.15450867631140047
vn 0.09052397986537206 -0.9945219343716359 0.05226405191939795
vn 0.09941215368521267 0.9945219342747929 0.03230086602542537
vn 0.2938929829789112 0.9510563966033202 0.09549159667565432
vn 0.4755283271369078 0.8660254048596908 0.15450827883315094
vn 0.6363813387012484 0.743144609591421 0.2067725344140791
vn 0.7694208141276291 0.5877854380252009 0.24999977926530148
vn 0.8688333385878392 0.4067367054705787 0.28230104884900586
vn 0.9302735850467904 0.20791136794874732 0.302264652319574
vn 0.9510563835968361 0 0.30901740277807627
vn 0.9302737216385248 -0.20791135863092955 0.30226423834295935
vn 0.8688334029605261 -0.40673669774829585 0.2823008618563605
vn 0.7694208667212726 -0.5877854303738368 0.24999963538799302
vn 0.6363813474888204 -0.7431446083304402 0.20677251190066392
vn 0.4755282522554137 -0.8660254137349493 0.1545084595487303
vn 0.29389308774082346 -0.9510563885016847 0.09549135494010527
vn 0.09941215368521267 -0.9945219342747929 0.03230086602542537
vn 0.10395545577406315 0.994521934492087 0.010926345634478595
vn 0.3073244397895516 0.9510564274534621 0.032301091428871095
vn 0.49726114978302693 0.8660253049460483 0.05226394655559869
vn 0.6654652220333599 0.7431446530260056 0.06994328375869012
vn 0.8045849682032785 0.5877854669969443 0.08456520400562767
vn 0.9085408846355161 0.40673688350193465 0.09549119616408372
vn 0.9727892212802162 0.20791179750596225 0.10224390162191016
vn 0.9945219342188093 0 0.10452809362883478
vn 0.9727892163232387 -0.207911798477608 0.10224394680872716
vn 0.9085408599063526 -0.4067368914296966 0.095491397679229
vn 0.8045849445616631 -0.5877854753985073 0.08456537054407522
vn 0.6654652995597238 -0.7431446280539964 0.06994281147033224
vn 0.4972610966448465 -0.8660253181668696 0.0522642330617924
vn 0.3073243286241801 -0.9510564447021391 0.032301641231124896
vn 0.10395545577406315 -0.994521934492087 0.010926345634478595
vn 0.10395545577406315 0.994521934492087 -0.010926345634478595
vn 0.30732455020740007 0.9510563913788656 -0.03230110303425146
vn 0.4972612521068066 0.8660252455439441 -0.05226395731019828
vn 0.6654650133236044 0.7431448419842931 -0.06994326182238877
vn 0.8045850416298213 0.5877853653773399 -0.08456521172306064
vn 0.9085409561397635 0.40673672201621086 -0.09549120367945943
vn 0.972789230268781 0.20791175498517567 -0.10224390256664294
vn 0.9945219342188093 0 -0.10452809362883478
vn 0.9727892257225998 -0.207911754013532 -0.1022439477966368
vn 0.9085409384312642 -0.4067367140884484 -0.0954914059325216
vn 0.8045850301294808 -0.5877853569758268 -0.08456537953762433
vn 0.6654650356853469 -0.743144866956325 -0.06994278373618021
vn 0.49726124451567133 -0.8660252323232985 -0.05226424860363812
vn 0.3073245446335181 -0.951056374129752 -0.032301663935009654
vn 0.10395545577406315 -0.994521934492087 -0.010926345634478595
vn 0.09941215368521267 0.9945219342747929 -0.03230086602542537
vn 0.2938929333841001 0.9510564135469508 -0.09549158056132707
vn 0.47552839282609144 0.8660253649822863 -0.15450830017682735
vn 0.6363813286229311 0.7431446191329804 -0.20677253113944005
vn 0.7694207501799545 0.5877855305710821 -0.24999975848745898
vn 0.8688332719816652 0.4067368627691737 -0.2823010272073493
vn 0.9302735026162529 0.20791177571155492 -0.30226462553622957
vn 0.9510563835968361 0 -0.30901740277807627
vn 0.9302736354407073 -0.20791178502944713 -0.30226421033559225
vn 0.8688333298145461 -0.40673687049142654 -0.2823008380898097
vn 0.7694207921997304 -0.5877855382223458 -0.24999961117451083
vn 0.6363813347466659 -0.743144620393964 -0.20677250776049336
vn 0.47552834718440157 -0.8660253561071645 -0.15450849039302095
vn 0.29389299071832564 -0.951056421648558 -0.09549132341568309
vn 0.09941215368521267 -0.9945219342747929 -0.03230086602542537
vn 0.09052397986537206 0.9945219343716359 -0.05226405191939795
vn 0.26761691232866797 0.9510564016605263 -0.1545086052496813
vn 0.4330126261540648 0.8660254260396152 -0.2500000540881208
vn 0.5794844144921562 0.7431446021539578 -0.33456526067438436
vn 0.700628923400781 0.587785431212198 -0.4045088361815516
vn 0.791153270495163 0.4067367309947766 -0.45677317592486777
vn 0.8471007320275465 0.2079113701222397 -0.4890738307988767
vn 0.866025405939417 0 -0.4999999962674684
vn 0.8471004437176033 -0.20791135769932495 -0.48907433544714135
vn 0.7911532763679174 -0.4067367314677268 -0.4567731653318309
vn 0.7006292509017792 -0.5877854661464362 -0.4045082181709397
vn 0.5794842770347852 -0.7431445861796733 -0.33456553424002716
vn 0.4330127178530501 -0.8660254357061005 -0.24999986177510905
vn 0.2676168710532531 -0.9510563986079421 -0.15450869553056792
vn 0.09052397986537207 -0.9945219343716359 -0.05226405191939796
vn 0.0776794579381083 0.9945219342653984 -0.06994300593663663
vn 0.22964436957963588 0.9510563892510913 -0.20677332512935154
vn 0.3715723659882287 0.8660253584989518 -0.33456547232293987
vn 0.49726085579535934 0.7431447554628826 -0.44773598662792297
vn 0.6012171394269042 0.5877849618619856 -0.5413379627074334
vn 0.67889662325402 0.4067367084933434 -0.6112811340932176
vn 0.7269051435224944 0.2079119770751979 -0.6545086111803453
vn 0.7431446830667559 0 -0.6691307645218617
vn 0.7269053515907155 -0.20791198375539577 -0.6545083779751597
vn 0.6788967691773609 -0.40673671717785254 -0.6112809662503199
vn 0.6012167838800108 -0.587784934188609 -0.5413383876300193
vn 0.49726086431205263 -0.743144756173939 -0.4477359759889832
vn 0.3715720169336454 -0.8660253324795093 -0.3345659273381234
vn 0.22964449730123979 -0.951056395843275 -0.20677315295961637
vn 0.0776794579381083 -0.9945219342653984 -0.06994300593663663
vn 0.061440205747624675 0.9945219347516592 -0.0845649006119343
vn 0.18163592250429825 0.9510563641747459 -0.2500003676371816
vn 0.293892366753133 0.8660254736015617 -0.4045085361737533
vn 0.3933054270107507 0.7431447320487585 -0.5413379243246034
vn 0.47552835646230157 0.587785372413631 -0.6545083178820811
vn 0.536969138653293 0.40673645761207056 -0.7390734727908485
vn 0.574941017907161 0.20791175837238943 -0.7913378081820549
vn 0.5877855508881895 0 -0.8090167774323765
vn 0.5749413060843257 -0.2079117660113163 -0.7913375968018362
vn 0.5369687695031443 -0.40673643956384103 -0.739073750926935
vn 0.47552852126674594 -0.5877853828708302 -0.654508188753398
vn 0.39330493300288366 -0.7431446987295358 -0.5413383289827025
vn 0.2938925676427305 -0.8660254855891955 -0.40450836455425937
vn 0.18163628485327368 -0.9510563790360946 -0.25000004783890084
vn 0.06144020574762467 -0.9945219347516592 -0.08456490061193428
vn 0.042515285140786695 0.9945219352111442 -0.09549120856538958
vn 0.12568893532694514 0.9510563418009369 -0.28230148114489045
vn 0.20336837490778026 0.8660253848996164 -0.45677274086446984
vn 0.27215932557653055 0.743144990613949 -0.611281297298651
vn 0.32905709316030646 0.5877852544537964 -0.7390736932725824
vn 0.37157185174885027 0.40673684726823706 -0.8345654534320395
vn 0.3978481471286495 0.20791147710610358 -0.893582491722985
vn 0.4067362925123638 0 -0.9135456137234181
vn 0.39784792940423097 -0.20791147200156915 -0.8935825898476911
vn 0.3715726376078815 -0.4067368811255983 -0.8345650870443498
vn 0.32905622158489634 -0.5877852059861438 -0.7390741198689738
vn 0.2721599003823867 -0.7431450243712088 -0.611281000339586
vn 0.20336862031446934 -0.8660253975701306 -0.456772607579402
vn 0.12568843003329924 -0.9510563239604491 -0.28230176621941555
vn 0.04251528514078669 -0.9945219352111442 -0.09549120856538956
vn 0.0217325629138748 0.9945219339321207 -0.10224391735995494
vn 0.06424830805439444 0.9510563848856463 -0.30226463187146646
vn 0.10395617920200517 0.8660253165829834 -0.48907388382847067
vn 0.1391203287445888 0.7431447465452707 -0.6545085330323531
vn 0.16820380318653036 0.5877858130828587 -0.7913376766792479
vn 0.18993683669397213 0.4067360990138907 -0.8935825333038073
vn 0.20336863874578923 0.20791178512739908 -0.9567726409026457
vn 0.20791201937320622 0 -0.9781475308971319
vn 0.20336832366400917 -0.20791177823559462 -0.9567727093730277
vn 0.18993660239845153 -0.40673608962458374 -0.8935825873786011
vn 0.1682042865825357 -0.5877858379749782 -0.7913375554409843
vn 0.13912049655355746 -0.7431447556235424 -0.6545084870556815
vn 0.1039558471567582 -0.8660253008701788 -0.4890739822303343
vn 0.06424818363167954 -0.9510563808753952 -0.302264670936293
vn 0.021732562913874803 -0.9945219339321207 -0.10224391735995497
vn 0 0.9945219342188094 -0.10452809362883479
vn 0 0.9510563835968362 -0.30901740277807627
vn 0 0.866025405939417 -0.4999999962674684
vn 0 0.7431446830667559 -0.6691307645218616
vn 0 0.5877855508881896 -0.8090167774323767
vn 0 0.4067362925123638 -0.9135456137234181
vn 0 0.20791201937320625 -0.9781475308971319
vn 0 0 -1
vn 0 -0.2079120193732063 -0.978147530897132
vn 0 -0.4067362925123638 -0.9135456137234181
vn 0 -0.5877855508881896 -0.8090167774323767
vn 0 -0.743144683066756 -0.6691307645218616
vn 0 -0.8660254059394169 -0.4999999962674683
vn 0 -0.9510563835968361 -0.30901740277807627
vn 0 -0.9945219342188094 -0.10452809362883479
vn -0.021732562913874803 0.9945219339321207 -0.10224391735995497
vn -0.06424830268765368 0.9510563932726824 -0.3022646066229269
vn -0.10395615377819477 0.8660253871822098 -0.4890737642192106
vn -0.13912034460666386 0.7431446778514075 -0.6545086076574174
vn -0.16820384866649946 0.5877855120039924 -0.7913378906459504
vn -0.18993681898978781 0.406736290269612 -0.8935824500121714
vn -0.20336862541702624 0.20791208673008005 -0.9567725781958495
vn -0.20791201937320622 0 -0.9781475308971319
vn -0.20336830972612488 -0.20791209362193436 -0.9567726438004397
vn -0.189936582955996 -0.40673629965885555 -0.8935824959089239
vn -0.16820433958291178 -0.5877854871117911 -0.7913378047877094
vn -0.13912051660820424 -0.7431446687730212 -0.6545085814050898
vn -0.10395581041624781 -0.8660254028950135 -0.48907380937976114
vn -0.06424817313278364 -0.9510563972828934 -0.30226462154275247
vn -0.0217325629138748 -0.9945219339321207 -0.10224391735995494
vn -0.04251528514078669 0.9945219352111442 -0.09549120856538956
vn -0.1256888886199852 0.9510563791125868 -0.2823013762395227
vn -0.20336841501436534 0.8660253279695398 -0.4567728309453137
vn -0.2721594409623916 0.7431447351806341 -0.6112815564601503
vn -0.32905691992147595 0.5877858406867883 -0.7390733041721349
vn -0.37157197664007385 0.4067361576062716 -0.8345657339427943
vn -0.3978481278160863 0.20791170049043114 -0.8935824483462129
vn -0.4067362925123638 0 -0.9135456137234181
vn -0.3978479092090494 -0.20791170559508426 -0.893582544488494
vn -0.37157277476185 -0.4067361237491296 -0.8345653950969406
vn -0.3290560197012247 -0.5877858891539255 -0.7390736664297523
vn -0.2721600462666225 -0.7431447014233814 -0.6112813280008668
vn -0.20336867827355595 -0.8660253152990749 -0.45677273775741595
vn -0.1256883386611745 -0.9510563969529766 -0.2823015609935871
vn -0.042515285140786695 -0.9945219352111442 -0.09549120856538958
vn -0.06144020574762467 0.9945219347516592 -0.08456490061193428
vn -0.1816359787310343 0.9510563330933159 -0.2500004450266346
vn -0.2938924215885791 0.8660254197395886 -0.4045086116483439
vn -0.3933052624276995 0.7431449841665694 -0.5413376977956993
vn -0.4755284104779644 0.5877852459284105 -0.6545083922282271
vn -0.5369690424443815 0.4067368252438456 -0.7390733403708467
vn -0.5749410596736328 0.20791142407376723 -0.7913378656686273
vn -0.5877855508881895 0 -0.8090167774323765
vn -0.5749413497596341 -0.2079114164345534 -0.7913376569156482
vn -0.536968663847903 -0.406736843292044 -0.739073605505041
vn -0.47552858421400096 -0.5877852354710911 -0.6545082753927729
vn -0.3933047249184018 -0.7431450174857652 -0.5413380425787033
vn -0.29389264688674815 -0.8660254077520232 -0.40450847362427844
vn -0.181636394849528 -0.951056318231684 -0.2500001992352413
vn -0.061440205747624675 -0.9945219347516592 -0.0845649006119343
vn -0.0776794579381083 0.9945219342653984 -0.06994300593663663
vn -0.2296444011119696 0.9510563754644045 -0.20677335352127565
vn -0.3715722155096164 0.8660254754060251 -0.3345653368313032
vn -0.49726086023606186 0.743144750082466 -0.4477359906263521
vn -0.6012169587032065 0.587785296581172 -0.5413377999831996
vn -0.6788966817850233 0.4067365315927212 -0.6112811867947584
vn -0.7269051897006251 0.2079116847352581 -0.6545086527593389
vn -0.7431446830667559 0 -0.6691307645218617
vn -0.7269053998793046 -0.20791167805486357 -0.6545084214543913
vn -0.6788968334552282 -0.4067365229082928 -0.6112810241263309
vn -0.6012165732732461 -0.5877853242546006 -0.5413381979987091
vn -0.497260869926487 -0.7431447493714128 -0.44773598104424583
vn -0.3715717994732393 -0.8660255014250186 -0.3345657315353204
vn -0.2296445589879893 -0.9510563688723769 -0.20677320850270056
vn -0.0776794579381083 -0.9945219342653984 -0.06994300593663663
vn -0.09052397986537207 0.9945219343716359 -0.05226405191939796
vn -0.26761689531248967 0.9510564080447472 -0.15450859542539183
vn -0.4330126913033702 0.8660253826067407 -0.2500000917021045
vn -0.5794842982339947 0.7431447230272626 -0.33456519355274805
vn -0.7006291892670151 0.5877850086684375 -0.4045089896796978
vn -0.7911532742097628 0.4067367213609622 -0.4567731780694958
vn -0.8471006319533811 0.20791191376916243 -0.489073773021031
vn -0.866025405939417 0 -0.4999999962674684
vn -0.8471003390698361 -0.20791192619226234 -0.4890742750286423
vn -0.7911532804472358 -0.40673672088801405 -0.4567731676870296
vn -0.7006295607295545 -0.587784973734422 -0.40450839704997055
vn -0.5794841300479253 -0.7431447390015652 -0.33456544937709093
vn -0.43301281200185304 -0.8660253729402415 -0.2499999161319138
vn -0.2676168377646831 -0.9510564110973284 -0.15450867631140047
vn -0.09052397986537206 -0.9945219343716359 -0.05226405191939795
vn -0.09941215368521267 0.9945219342747929 -0.03230086602542537
vn -0.2938929829789112 0.9510563966033202 -0.09549159667565432
vn -0.4755283271369078 0.8660254048596908 -0.15450827883315094
vn -0.6363813387012484 0.743144609591421 -0.2067725344140791
vn -0.7694208141276291 0.5877854380252009 -0.24999977926530148
vn -0.8688333385878392 0.4067367054705787 -0.28230104884900586
vn -0.9302735850467904 0.20791136794874732 -0.302264652319574
vn -0.9510563835968361 0 -0.30901740277807627
vn -0.9302737216385248 -0.20791135863092955 -0.30226423834295935
vn -0.8688334029605261 -0.40673669774829585 -0.2823008618563605
vn -0.7694208667212726 -0.5877854303738368 -0.24999963538799302
vn -0.6363813474888204 -0.7431446083304402 -0.20677251190066392
vn -0.4755282522554137 -0.8660254137349493 -0.1545084595487303
vn -0.29389308774082346 -0.9510563885016847 -0.09549135494010527
vn -0.09941215368521267 -0.9945219342747929 -0.03230086602542537
vn -0.10395545577406315 0.994521934492087 -0.010926345634478595
vn -0.3073244397895516 0.9510564274534621 -0.032301091428871095
vn -0.49726114978302693 0.8660253049460483 -0.05226394655559869
vn -0.6654652220333599 0.7431446530260056 -0.06994328375869012
vn -0.8045849682032785 0.5877854669969443 -0.08456520400562767
vn -0.9085408846355161 0.40673688350193465 -0.09549119616408372
vn -0.9727892212802162 0.20791179750596225 -0.10224390162191016
vn -0.9945219342188093 0 -0.10452809362883478
vn -0.9727892163232387 -0.207911798477608 -0.10224394680872716
vn -0.9085408599063526 -0.4067368914296966 -0.095491397679229
vn -0.8045849445616631 -0.5877854753985073 -0.08456537054407522
vn -0.6654652995597238 -0.7431446280539964 -0.06994281147033224
vn -0.4972610966448465 -0.8660253181668696 -0.0522642330617924
vn -0.3073243286241801 -0.9510564447021391 -0.032301641231124896
vn -0.10395545577406315 -0.994521934492087 -0.010926345634478595
vn -0.10395545577406315 0.994521934492087 0.010926345634478595
vn -0.30732455020740007 0.9510563913788656 0.03230110303425146
vn -0.4972612521068066 0.8660252455439441 0.05226395731019828
vn -0.6654650133236044 0.7431448419842931 0.06994326182238877
vn -0.8045850416298213 0.5877853653773399 0.08456521172306064
vn -0.9085409561397635 0.40673672201621086 0.09549120367945943
vn -0.972789230268781 0.20791175498517567 0.10224390256664294
vn -0.9945219342188093 0 0.10452809362883478
vn -0.9727892257225998 -0.207911754013532 0.1022439477966368
vn -0.9085409384312642 -0.4067367140884484 0.0954914059325216
vn -0.8045850301294808 -0.5877853569758268 0.08456537953762433
vn -0.6654650356853469 -0.743144866956325 0.06994278373618021
vn -0.49726124451567133 -0.8660252323232985 0.05226424860363812
vn -0.3073245446335181 -0.951056374129752 0.032301663935009654
vn -0.10395545577406315 -0.994521934492087 0.010926345634478595
vn -0.09941215368521267 0.9945219342747929 0.03230086602542537
vn -0.2938929333841001 0.9510564135469508 0.09549158056132707
vn -0.47552839282609144 0.8660253649822863 0.15450830017682735
vn -0.6363813286229311 0.7431446191329804 0.20677253113944005
vn -0.7694207501799545 0.5877855305710821 0.24999975848745898
vn -0.8688332719816652 0.4067368627691737 0.2823010272073493
vn -0.9302735026162529 0.20791177571155492 0.30226462553622957
vn -0.9510563835968361 0 0.30901740277807627
vn -0.9302736354407073 -0.20791178502944713 0.30226421033559225
vn -0.8688333298145461 -0.40673687049142654 0.2823008380898097
vn -0.7694207921997304 -0.5877855382223458 0.24999961117451083
vn -0.6363813347466659 -0.743144620393964 0.20677250776049336
vn -0.47552834718440157 -0.8660253561071645 0.15450849039302095
vn -0.29389299071832564 -0.951056421648558 0.09549132341568309
vn -0.09941215368521267 -0.9945219342747929 0.03230086602542537
vn -0.09052397986537206 0.9945219343716359 0.05226405191939795
vn -0.26761691232866797 0.9510564016605263 0.1545086052496813
vn -0.4330126261540648 0.8660254260396152 0.2500000540881208
vn -0.5794844144921562 0.7431446021539578 0.33456526067438436
vn -0.700628923400781 0.587785431212198 0.4045088361815516
vn -0.791153270495163 0.4067367309947766 0.45677317592486777
vn -0.8471007320275465 0.2079113701222397 0.4890738307988767
vn -0.866025405939417 0 0.4999999962674684
vn -0.8471004437176033 -0.20791135769932495 0.48907433544714135
vn -0.7911532763679174 -0.4067367314677268 0.4567731653318309
vn -0.7006292509017792 -0.5877854661464362 0.4045082181709397
vn -0.5794842770347852 -0.7431445861796733 0.33456553424002716
vn -0.4330127178530501 -0.8660254357061005 0.24999986177510905
vn -0.2676168710532531 -0.9510563986079421 0.15450869553056792
vn -0.09052397986537207 -0.9945219343716359 0.05226405191939796
vn -0.0776794579381083 0.9945219342653984 0.06994300593663663
vn -0.22964436957963588 0.9510563892510913 0.20677332512935154
vn -0.3715723659882287 0.8660253584989518 0.33456547232293987
vn -0.49726085579535934 0.7431447554628826 0.44773598662792297
vn -0.6012171394269042 0.5877849618619856 0.5413379627074334
vn -0.67889662325402 0.4067367084933434 0.6112811340932176
vn -0.7269051435224944 0.2079119770751979 0.6545086111803453
vn -0.7431446830667559 0 0.6691307645218617
vn -0.7269053515907155 -0.20791198375539577 0.6545083779751597
vn -0.6788967691773609 -0.40673671717785254 0.6112809662503199
vn -0.6012167838800108 -0.587784934188609 0.5413383876300193
vn -0.49726086431205263 -0.743144756173939 0.4477359759889832
vn -0.3715720169336454 -0.8660253324795093 0.3345659273381234
vn -0.22964449730123979 -0.951056395843275 0.20677315295961637
vn -0.0776794579381083 -0.9945219342653984 0.06994300593663663
vn -0.061440205747624675 0.9945219347516592 0.0845649006119343
vn -0.18163592250429825 0.9510563641747459 0.2500003676371816
vn -0.293892366753133 0.8660254736015617 0.4045085361737533
vn -0.3933054270107507 0.7431447320487585 0.5413379243246034
vn -0.47552835646230157 0.587785372413631 0.6545083178820811
vn -0.536969138653293 0.40673645761207056 0.7390734727908485
vn -0.574941017907161 0.20791175837238943 0.7913378081820549
vn -0.5877855508881895 0 0.8090167774323765
vn -0.5749413060843257 -0.2079117660113163 0.7913375968018362
vn -0.5369687695031443 -0.40673643956384103 0.739073750926935
vn -0.47552852126674594 -0.5877853828708302 0.654508188753398
vn -0.39330493300288366 -0.7431446987295358 0.5413383289827025
vn -0.2938925676427305 -0.8660254855891955 0.40450836455425937
vn -0.18163628485327368 -0.9510563790360946 0.25000004783890084
vn -0.06144020574762467 -0.9945219347516592 0.08456490061193428
vn -0.042515285140786695 0.9945219352111442 0.09549120856538958
vn -0.12568893532694514 0.9510563418009369 0.28230148114489045
vn -0.20336837490778026 0.8660253848996164 0.45677274086446984
vn -0.27215932557653055 0.743144990613949 0.611281297298651
vn -0.32905709316030646 0.5877852544537964 0.7390736932725824
vn -0.37157185174885027 0.40673684726823706 0.8345654534320395
vn -0.3978481471286495 0.20791147710610358 0.893582491722985
vn -0.4067362925123638 0 0.9135456137234181
vn -0.39784792940423097 -0.20791147200156915 0.8935825898476911
vn -0.3715726376078815 -0.4067368811255983 0.8345650870443498
vn -0.32905622158489634 -0.5877852059861438 0.7390741198689738
vn -0.2721599003823867 -0.7431450243712088 0.611281000339586
vn -0.20336862031446934 -0.8660253975701306 0.456772607579402
vn -0.12568843003329924 -0.9510563239604491 0.28230176621941555
vn -0.04251528514078669 -0.9945219352111442 0.09549120856538956
vn -0.0217325629138748 0.9945219339321207 0.10224391735995494
vn -0.06424830805439444 0.9510563848856463 0.30226463187146646
vn -0.10395617920200517 0.8660253165829834 0.48907388382847067
vn -0.1391203287445888 0.7431447465452707 0.6545085330323531
vn -0.16820380318653036 0.5877858130828587 0.7913376766792479
vn -0.18993683669397213 0.4067360990138907 0.8935825333038073
vn -0.20336863874578923 0.20791178512739908 0.9567726409026457
vn -0.20791201937320622 0 0.9781475308971319
vn -0.20336832366400917 -0.20791177823559462 0.9567727093730277
vn -0.18993660239845153 -0.40673608962458374 0.8935825873786011
vn -0.1682042865825357 -0.5877858379749782 0.7913375554409843
vn -0.13912049655355746 -0.7431447556235424 0.6545084870556815
vn -0.1039558471567582 -0.8660253008701788 0.4890739822303343
vn -0.06424818363167954 -0.9510563808753952 0.302264670936293
vn -0.021732562913874803 -0.9945219339321207 0.10224391735995497
vn 0 0.9945219342188094 0.10452809362883479
vn 0 0.9510563835968362 0.30901740277807627
vn 0 0.866025405939417 0.4999999962674684
vn 0 0.7431446830667559 0.6691307645218616
vn 0 0.5877855508881896 0.8090167774323767
vn 0 0.4067362925123638 0.9135456137234181
vn 0 0.20791201937320625 0.9781475308971319
vn 0 0 1
vn 0 -0.2079120193732063 0.978147530897132
vn 0 -0.4067362925123638 0.9135456137234181
vn 0 -0.5877855508881896 0.8090167774323767
vn 0 -0.743144683066756 0.6691307645218616
vn 0 -0.8660254059394169 0.4999999962674683
vn 0 -0.9510563835968361 0.30901740277807627
vn 0 -0.9945219342188094 0.10452809362883479
usemtl m_a8cab7b7-d7db-7a2b-679f-832d58e5395a
f 3/1/1 17/2/1 2/3/1
f 3/4/2 4/5/2 18/6/2 17/7/2
f 4/8/3 5/9/3 19/10/3 18/11/3
f 5/12/4 6/13/4 20/14/4 19/15/4
f 6/16/5 7/17/5 21/18/5 20/19/5
f 7/20/6 8/21/6 22/22/6 21/23/6
f 8/24/7 9/25/7 23/26/7 22/27/7
f 9/28/8 10/29/8 24/30/8 23/31/8
f 10/32/9 11/33/9 25/34/9 24/35/9
f 11/36/10 12/37/10 26/38/10 25/39/10
f 12/40/11 13/41/11 27/42/11 26/43/11
f 13/44/12 14/45/12 28/46/12 27/47/12
f 14/48/13 15/49/13 29/50/13 28/51/13
f 15/52/14 16/53/14 30/54/14 29/55/14
f 30/56/15 16/57/15 1/58/15
f 17/59/16 31/60/16 2/61/16
f 17/62/17 18/63/17 32/64/17 31/65/17
f 18/66/18 19/67/18 33/68/18 32/69/18
f 19/70/19 20/71/19 34/72/19 33/73/19
f 20/74/20 21/75/20 35/76/20 34/77/20
f 21/78/21 22/79/21 36/80/21 35/81/21
f 22/82/22 23/83/22 37/84/22 36/85/22
f 23/86/23 24/87/23 38/88/23 37/89/23
f 24/90/24 25/91/24 39/92/24 38/93/24
f 25/94/25 26/95/25 40/96/25 39/97/25
f 26/98/26 27/99/26 41/100/26 40/101/26
f 27/102/27 28/103/27 42/104/27 41/105/27
f 28/106/28 29/107/28 43/108/28 42/109/28
f 29/110/29 30/111/29 44/112/29 43/113/29
f 44/114/30 30/115/30 1/116/30
f 31/117/31 45/118/31 2/119/31
f 31/120/32 32/121/32 46/122/32 45/123/32
f 32/124/33 33/125/33 47/126/33 46/127/33
f 33/128/34 34/129/34 48/130/34 47/131/34
f 34/132/35 35/133/35 49/134/35 48/135/35
f 35/136/36 36/137/36 50/138/36 49/139/36
f 36/140/37 37/141/37 51/142/37 50/143/37
f 37/144/38 38/145/38 52/146/38 51/147/38
f 38/148/39 39/149/39 53/150/39 52/151/39
f 39/152/40 40/153/40 54/154/40 53/155/40
f 40/156/41 41/157/41 55/158/41 54/159/41
f 41/160/42 42/161/42 56/162/42 55/163/42
f 42/164/43 43/165/43 57/166/43 56/167/43
f 43/168/44 44/169/44 58/170/44 57/171/44
f 58/172/45 44/173/45 1/174/45
f 45/175/46 59/176/46 2/177/46
f 45/178/47 46/179/47 60/180/47 59/181/47
f 46/182/48 47/183/48 61/184/48 60/185/48
f 47/186/49 48/187/49 62/188/49 61/189/49
f 48/190/50 49/191/50 63/192/50 62/193/50
f 49/194/51 50/195/51 64/196/51 63/197/51
f 50/198/52 51/199/52 65/200/52 64/201/52
f 51/202/53 52/203/53 66/204/53 65/205/53
f 52/206/54 53/207/54 67/208/54 66/209/54
f 53/210/55 54/211/55 68/212/55 67/213/55
f 54/214/56 55/215/56 69/216/56 68/217/56
f 55/218/57 56/219/57 70/220/57 69/221/57
f 56/222/58 57/223/58 71/224/58 70/225/58
f 57/226/59 58/227/59 72/228/59 71/229/59
f 72/230/60 58/231/60 1/232/60
f 59/233/61 73/234/61 2/235/61
f 59/236/62 60/237/62 74/238/62 73/239/62
f 60/240/63 61/241/63 75/242/63 74/243/63
f 61/244/64 62/245/64 76/246/64 75/247/64
f 62/248/65 63/249/65 77/250/65 76/251/65
f 63/252/66 64/253/66 78/254/66 77/255/66
f 64/256/67 65/257/67 79/258/67 78/259/67
f 65/260/68 66/261/68 80/262/68 79/263/68
f 66/264/69 67/265/69 81/266/69 80/267/69
f 67/268/70 68/269/70 82/270/70 81/271/70
f 68/272/71 69/273/71 83/274/71 82/275/71
f 69/276/72 70/277/72 84/278/72 83/279/72
f 70/280/73 71/281/73 85/282/73 84/283/73
f 71/284/74 72/285/74 86/286/74 85/287/74
f 86/288/75 72/289/75 1/290/75
f 73/291/76 87/292/76 2/293/76
f 73/294/77 74/295/77 88/296/77 87/297/77
f 74/298/78 75/299/78 89/300/78 88/301/78
f 75/302/79 76/303/79 90/304/79 89/305/79
f 76/306/80 77/307/80 91/308/80 90/309/80
f 77/310/81 78/311/81 92/312/81 91/313/81
f 78/314/82 79/315/82 93/316/82 92/317/82
f 79/318/83 80/319/83 94/320/83 93/321/83
f 80/322/84 81/323/84 95/324/84 94/325/84
f 81/326/85 82/327/85 96/328/85 95/329/85
f 82/330/86 83/331/86 97/332/86 96/333/86
f 83/334/87 84/335/87 98/336/87 97/337/87
f 84/338/88 85/339/88 99/340/88 98/341/88
f 85/342/89 86/343/89 100/344/89 99/345/89
f 100/346/90 86/347/90 1/348/90
f 87/349/91 101/350/91 2/351/91
f 87/352/92 88/353/92 102/354/92 101/355/92
f 88/356/93 89/357/93 103/358/93 102/359/93
f 89/360/94 90/361/94 104/362/94 103/363/94
f 90/364/95 91/365/95 105/366/95 104/367/95
f 91/368/96 92/369/96 106/370/96 105/371/96
f 92/372/97 93/373/97 107/374/97 106/375/97
f 93/376/98 94/377/98 108/378/98 107/379/98
f 94/380/99 95/381/99 109/382/99 108/383/99
f 95/384/100 96/385/100 110/386/100 109/387/100
f 96/388/101 97/389/101 111/390/101 110/391/101
f 97/392/102 98/393/102 112/394/102 111/395/102
f 98/396/103 99/397/103 113/398/103 112/399/103
f 99/400/104 100/401/104 114/402/104 113/403/104
f 114/404/105 100/405/105 1/406/105
f 101/407/106 115/408/106 2/409/106
f 101/410/107 102/411/107 116/412/107 115/413/107
f 102/414/108 103/415/108 117/416/108 116/417/108
f 103/418/109 104/419/109 118/420/109 117/421/109
f 104/422/110 105/423/110 119/424/110 118/425/110
f 105/426/111 106/427/111 120/428/111 119/429/111
f 106/430/112 107/431/112 121/432/112 120/433/112
f 107/434/113 108/435/113 122/436/113 121/437/113
f 108/438/114 109/439/114 123/440/114 122/441/114
f 109/442/115 110/443/115 124/444/115 123/445/115
f 110/446/116 111/447/116 125/448/116 124/449/116
f 111/450/117 112/451/117 126/452/117 125/453/117
f 112/454/118 113/455/118 127/456/118 126/457/118
f 113/458/119 114/459/119 128/460/119 127/461/119
f 128/462/120 114/463/120 1/464/120
f 115/465/121 129/466/121 2/467/121
f 115/468/122 116/469/122 130/470/122 129/471/122
f 116/472/123 117/473/123 131/474/123 130/475/123
f 117/476/124 118/477/124 132/478/124 131/479/124
f 118/480/125 119/481/125 133/482/125 132/483/125
f 119/484/126 120/485/126 134/486/126 133/487/126
f 120/488/127 121/489/127 135/490/127 134/491/127
f 121/492/128 122/493/128 136/494/128 135/495/128
f 122/496/129 123/497/129 137/498/129 136/499/129
f 123/500/130 124/501/130 138/502/130 137/503/130
f 124/504/131 125/505/131 139/506/131 138/507/131
f 125/508/132 126/509/132 140/510/132 139/511/132
f 126/512/133 127/513/133 141/514/133 140/515/133
f 127/516/134 128/517/134 142/518/134 141/519/134
f 142/520/135 128/521/135 1/522/135
f 129/523/136 143/524/136 2/525/136
f 129/526/137 130/527/137 144/528/137 143/529/137
f 130/530/138 131/531/138 145/532/138 144/533/138
f 131/534/139 132/535/139 146/536/139 145/537/139
f 132/538/140 133/539/140 147/540/140 146/541/140
f 133/542/141 134/543/141 148/544/141 147/545/141
f 134/546/142 135/547/142 149/548/142 148/549/142
f 135/550/143 136/551/143 150/552/143 149/553/143
f 136/554/144 137/555/144 151/556/144 150/557/144
f 137/558/145 138/559/145 152/560/145 151/561/145
f 138/562/146 139/563/146 153/564/146 152/565/146
f 139/566/147 140/567/147 154/568/147 153/569/147
f 140/570/148 141/571/148 155/572/148 154/573/148
f 141/574/149 142/575/149 156/576/149 155/577/149
f 156/578/150 142/579/150 1/580/150
f 143/581/151 157/582/151 2/583/151
f 143/584/152 144/585/152 158/586/152 157/587/152
f 144/588/153 145/589/153 159/590/153 158/591/153
f 145/592/154 146/593/154 160/594/154 159/595/154
f 146/596/155 147/597/155 161/598/155 160/599/155
f 147/600/156 148/601/156 162/602/156 161/603/156
f 148/604/157 149/605/157 163/606/157 162/607/157
f 149/608/158 150/609/158 164/610/158 163/611/158
f 150/612/159 151/613/159 165/614/159 164/615/159
f 151/616/160 152/617/160 166/618/160 165/619/160
f 152/620/161 153/621/161 167/622/161 166/623/161
f 153/624/162 154/625/162 168/626/162 167/627/162
f 154/628/163 155/629/163 169/630/163 168/631/163
f 155/632/164 156/633/164 170/634/164 169/635/164
f 170/636/165 156/637/165 1/638/165
f 157/639/166 171/640/166 2/641/166
f 157/642/167 158/643/167 172/644/167 171/645/167
f 158/646/168 159/647/168 173/648/168 172/649/168
f 159/650/169 160/651/169 174/652/169 173/653/169
f 160/654/170 161/655/170 175/656/170 174/657/170
f 161/658/171 162/659/171 176/660/171 175/661/171
f 162/662/172 163/663/172 177/664/172 176/665/172
f 163/666/173 164/667/173 178/668/173 177/669/173
f 164/670/174 165/671/174 179/672/174 178/673/174
f 165/674/175 166/675/175 180/676/175 179/677/175
f 166/678/176 167/679/176 181/680/176 180/681/176
f 167/682/177 168/683/177 182/684/177 181/685/177
f 168/686/178 169/687/178 183/688/178 182/689/178
f 169/690/179 170/691/179 184/692/179 183/693/179
f 184/694/180 170/695/180 1/696/180
f 171/697/181 185/698/181 2/699/181
f 171/700/182 172/701/182 186/702/182 185/703/182
f 172/704/183 173/705/183 187/706/183 186/707/183
f 173/708/184 174/709/184 188/710/184 187/711/184
f 174/712/185 175/713/185 189/714/185 188/715/185
f 175/716/186 176/717/186 190/718/186 189/719/186
f 176/720/187 177/721/187 191/722/187 190/723/187
f 177/724/188 178/725/188 192/726/188 191/727/188
f 178/728/189 179/729/189 193/730/189 192/731/189
f 179/732/190 180/733/190 194/734/190 193/735/190
f 180/736/191 181/737/191 195/738/191 194/739/191
f 181/740/192 182/741/192 196/742/192 195/743/192
f 182/744/193 183/745/193 197/746/193 196/747/193
f 183/748/194 184/749/194 198/750/194 197/751/194
f 198/752/195 184/753/195 1/754/195
f 185/755/196 199/756/196 2/757/196
f 185/758/197 186/759/197 200/760/197 199/761/197
f 186/762/198 187/763/198 201/764/198 200/765/198
f 187/766/199 188/767/199 202/768/199 201/769/199
f 188/770/200 189/771/200 203/772/200 202/773/200
f 189/774/201 190/775/201 204/776/201 203/777/201
f 190/778/202 191/779/202 205/780/202 204/781/202
f 191/782/203 192/783/203 206/784/203 205/785/203
f 192/786/204 193/787/204 207/788/204 206/789/204
f 193/790/205 194/791/205 208/792/205 207/793/205
f 194/794/206 195/795/206 209/796/206 208/797/206
f 195/798/207 196/799/207 210/800/207 209/801/207
f 196/802/208 197/803/208 211/804/208 210/805/208
f 197/806/209 198/807/209 212/808/209 211/809/209
f 212/810/210 198/811/210 1/812/210
f 199/813/211 213/814/211 2/815/211
f 199/816/212 200/817/212 214/818/212 213/819/212
f 200/820/213 201/821/213 215/822/213 214/823/213
f 201/824/214 202/825/214 216/826/214 215/827/214
f 202/828/215 203/829/215 217/830/215 216/831/215
f 203/832/216 204/833/216 218/834/216 217/835/216
f 204/836/217 205/837/217 219/838/217 218/839/217
f 205/840/218 206/841/218 220/842/218 219/843/218
f 206/844/219 207/845/219 221/846/219 220/847/219
f 207/848/220 208/849/220 222/850/220 221/851/220
f 208/852/221 209/853/221 223/854/221 222/855/221
f 209/856/222 210/857/222 224/858/222 223/859/222
f 210/860/223 211/861/223 225/862/223 224/863/223
f 211/864/224 212/865/224 226/866/224 225/867/224
f 226/868/225 212/869/225 1/870/225
f 213/871/226 227/872/226 2/873/226
f 213/874/227 214/875/227 228/876/227 227/877/227
f 214/878/228 215/879/228 229/880/228 228/881/228
f 215/882/229 216/883/229 230/884/229 229/885/229
f 216/886/230 217/887/230 231/888/230 230/889/230
f 217/890/231 218/891/231 232/892/231 231/893/231
f 218/894/232 219/895/232 233/896/232 232/897/232
f 219/898/233 220/899/233 234/900/233 233/901/233
f 220/902/234 221/903/234 235/904/234 234/905/234
f 221/906/235 222/907/235 236/908/235 235/909/235
f 222/910/236 223/911/236 237/912/236 236/913/236
f 223/914/237 224/915/237 238/916/237 237/917/237
f 224/918/238 225/919/238 239/920/238 238/921/238
f 225/922/239 226/923/239 240/924/239 239/925/239
f 240/926/240 226/927/240 1/928/240
f 227/929/241 241/930/241 2/931/241
f 227/932/242 228/933/242 242/934/242 241/935/242
f 228/936/243 229/937/243 243/938/243 242/939/243
f 229/940/244 230/941/244 244/942/244 243/943/244
f 230/944/245 231/945/245 245/946/245 244/947/245
f 231/948/246 232/949/246 246/950/246 245/951/246
f 232/952/247 233/953/247 247/954/247 246/955/247
f 233/956/248 234/957/248 248/958/248 247/959/248
f 234/960/249 235/961/249 249/962/249 248/963/249
f 235/964/250 236/965/250 250/966/250 249/967/250
f 236/968/251 237/969/251 251/970/251 250/971/251
f 237/972/252 238/973/252 252/974/252 251/975/252
f 238/976/253 239/977/253 253/978/253 252/979/253
f 239/980/254 240/981/254 254/982/254 253/983/254
f 254/984/255 240/985/255 1/986/255
f 241/987/256 255/988/256 2/989/256
f 241/990/257 242/991/257 256/992/257 255/993/257
f 242/994/258 243/995/258 257/996/258 256/997/258
f 243/998/259 244/999/259 258/1000/259 257/1001/259
f 244/1002/260 245/1003/260 259/1004/260 258/1005/260
f 245/1006/261 246/1007/261 260/1008/261 259/1009/261
f 246/1010/262 247/1011/262 261/1012/262 260/1013/262
f 247/1014/263 248/1015/263 262/1016/263 261/1017/263
f 248/1018/264 249/1019/264 263/1020/264 262/1021/264
f 249/1022/265 250/1023/265 264/1024/265 263/1025/265
f 250/1026/266 251/1027/266 265/1028/266 264/1029/266
f 251/1030/267 252/1031/267 266/1032/267 265/1033/267
f 252/1034/268 253/1035/268 267/1036/268 266/1037/268
f 253/1038/269 254/1039/269 268/1040/269 267/1041/269
f 268/1042/270 254/1043/270 1/1044/270
f 255/1045/271 269/1046/271 2/1047/271
f 255/1048/272 256/1049/272 270/1050/272 269/1051/272
f 256/1052/273 257/1053/273 271/1054/273 270/1055/273
f 257/1056/274 258/1057/274 272/1058/274 271/1059/274
f 258/1060/275 259/1061/275 273/1062/275 272/1063/275
f 259/1064/276 260/1065/276 274/1066/276 273/1067/276
f 260/1068/277 261/1069/277 275/1070/277 274/1071/277
f 261/1072/278 262/1073/278 276/1074/278 275/1075/278
f 262/1076/279 263/1077/279 277/1078/279 276/1079/279
f 263/1080/280 264/1081/280 278/1082/280 277/1083/280
f 264/1084/281 265/1085/281 279/1086/281 278/1087/281
f 265/1088/282 266/1089/282 280/1090/282 279/1091/282
f 266/1092/283 267/1093/283 281/1094/283 280/1095/283
f 267/1096/284 268/1097/284 282/1098/284 281/1099/284
f 282/1100/285 268/1101/285 1/1102/285
f 269/1103/286 283/1104/286 2/1105/286
f 269/1106/287 270/1107/287 284/1108/287 283/1109/287
f 270/1110/288 271/1111/288 285/1112/288 284/1113/288
f 271/1114/289 272/1115/289 286/1116/289 285/1117/289
f 272/1118/290 273/1119/290 287/1120/290 286/1121/290
f 273/1122/291 274/1123/291 288/1124/291 287/1125/291
f 274/1126/292 275/1127/292 289/1128/292 288/1129/292
f 275/1130/293 276/1131/293 290/1132/293 289/1133/293
f 276/1134/294 277/1135/294 291/1136/294 290/1137/294
f 277/1138/295 278/1139/295 292/1140/295 291/1141/295
f 278/1142/296 279/1143/296 293/1144/296 292/1145/296
f 279/1146/297 280/1147/297 294/1148/297 293/1149/297
f 280/1150/298 281/1151/298 295/1152/298 294/1153/298
f 281/1154/299 282/1155/299 296/1156/299 295/1157/299
f 296/1158/300 282/1159/300 1/1160/300
f 283/1161/301 297/1162/301 2/1163/301
f 283/1164/302 284/1165/302 298/1166/302 297/1167/302
f 284/1168/303 285/1169/303 299/1170/303 298/1171/303
f 285/1172/304 286/1173/304 300/1174/304 299/1175/304
f 286/1176/305 287/1177/305 301/1178/305 300/1179/305
f 287/1180/306 288/1181/306 302/1182/306 301/1183/306
f 288/1184/307 289/1185/307 303/1186/307 302/1187/307
f 289/1188/308 290/1189/308 304/1190/308 303/1191/308
f 290/1192/309 291/1193/309 305/1194/309 304/1195/309
f 291/1196/310 292/1197/310 306/1198/310 305/1199/310
f 292/1200/311 293/1201/311 307/1202/311 306/1203/311
f 293/1204/312 294/1205/312 308/1206/312 307/1207/312
f 294/1208/313 295/1209/313 309/1210/313 308/1211/313
f 295/1212/314 296/1213/314 310/1214/314 309/1215/314
f 310/1216/315 296/1217/315 1/1218/315
f 297/1219/316 311/1220/316 2/1221/316
f 297/1222/317 298/1223/317 312/1224/317 311/1225/317
f 298/1226/318 299/1227/318 313/1228/318 312/1229/318
f 299/1230/319 300/1231/319 314/1232/319 313/1233/319
f 300/1234/320 301/1235/320 315/1236/320 314/1237/320
f 301/1238/321 302/1239/321 316/1240/321 315/1241/321
f 302/1242/322 303/1243/322 317/1244/322 316/1245/322
f 303/1246/323 304/1247/323 318/1248/323 317/1249/323
f 304/1250/324 305/1251/324 319/1252/324 318/1253/324
f 305/1254/325 306/1255/325 320/1256/325 319/1257/325
f 306/1258/326 307/1259/326 321/1260/326 320/1261/326
f 307/1262/327 308/1263/327 322/1264/327 321/1265/327
f 308/1266/328 309/1267/328 323/1268/328 322/1269/328
f 309/1270/329 310/1271/329 324/1272/329 323/1273/329
f 324/1274/330 310/1275/330 1/1276/330
f 311/1277/331 325/1278/331 2/1279/331
f 311/1280/332 312/1281/332 326/1282/332 325/1283/332
f 312/1284/333 313/1285/333 327/1286/333 326/1287/333
f 313/1288/334 314/1289/334 328/1290/334 327/1291/334
f 314/1292/335 315/1293/335 329/1294/335 328/1295/335
f 315/1296/336 316/1297/336 330/1298/336 329/1299/336
f 316/1300/337 317/1301/337 331/1302/337 330/1303/337
f 317/1304/338 318/1305/338 332/1306/338 331/1307/338
f 318/1308/339 319/1309/339 333/1310/339 332/1311/339
f 319/1312/340 320/1313/340 334/1314/340 333/1315/340
f 320/1316/341 321/1317/341 335/1318/341 334/1319/341
f 321/1320/342 322/1321/342 336/1322/342 335/1323/342
f 322/1324/343 323/1325/343 337/1326/343 336/1327/343
f 323/1328/344 324/1329/344 338/1330/344 337/1331/344
f 338/1332/345 324/1333/345 1/1334/345
f 325/1335/346 339/1336/346 2/1337/346
f 325/1338/347 326/1339/347 340/1340/347 339/1341/347
f 326/1342/348 327/1343/348 341/1344/348 340/1345/348
f 327/1346/349 328/1347/349 342/1348/349 341/1349/349
f 328/1350/350 329/1351/350 343/1352/350 342/1353/350
f 329/1354/351 330/1355/351 344/1356/351 343/1357/351
f 330/1358/352 331/1359/352 345/1360/352 344/1361/352
f 331/1362/353 332/1363/353 346/1364/353 345/1365/353
f 332/1366/354 333/1367/354 347/1368/354 346/1369/354
f 333/1370/355 334/1371/355 348/1372/355 347/1373/355
f 334/1374/356 335/1375/356 349/1376/356 348/1377/356
f 335/1378/357 336/1379/357 350/1380/357 349/1381/357
f 336/1382/358 337/1383/358 351/1384/358 350/1385/358
f 337/1386/359 338/1387/359 352/1388/359 351/1389/359
f 352/1390/360 338/1391/360 1/1392/360
f 339/1393/361 353/1394/361 2/1395/361
f 339/1396/362 340/1397/362 354/1398/362 353/1399/362
f 340/1400/363 341/1401/363 355/1402/363 354/1403/363
f 341/1404/364 342/1405/364 356/1406/364 355/1407/364
f 342/1408/365 343/1409/365 357/1410/365 356/1411/365
f 343/1412/366 344/1413/366 358/1414/366 357/1415/366
f 344/1416/367 345/1417/367 359/1418/367 358/1419/367
f 345/1420/368 346/1421/368 360/1422/368 359/1423/368
f 346/1424/369 347/1425/369 361/1426/369 360/1427/369
f 347/1428/370 348/1429/370 362/1430/370 361/1431/370
f 348/1432/371 349/1433/371 363/1434/371 362/1435/371
f 349/1436/372 350/1437/372 364/1438/372 363/1439/372
f 350/1440/373 351/1441/373 365/1442/373 364/1443/373
f 351/1444/374 352/1445/374 366/1446/374 365/1447/374
f 366/1448/375 352/1449/375 1/1450/375
f 353/1451/376 367/1452/376 2/1453/376
f 353/1454/377 354/1455/377 368/1456/377 367/1457/377
f 354/1458/378 355/1459/378 369/1460/378 368/1461/378
f 355/1462/379 356/1463/379 370/1464/379 369/1465/379
f 356/1466/380 357/1467/380 371/1468/380 370/1469/380
f 357/1470/381 358/1471/381 372/1472/381 371/1473/381
f 358/1474/382 359/1475/382 373/1476/382 372/1477/382
f 359/1478/383 360/1479/383 374/1480/383 373/1481/383
f 360/1482/384 361/1483/384 375/1484/384 374/1485/384
f 361/1486/385 362/1487/385 376/1488/385 375/1489/385
f 362/1490/386 363/1491/386 377/1492/386 376/1493/386
f 363/1494/387 364/1495/387 378/1496/387 377/1497/387
f 364/1498/388 365/1499/388 379/1500/388 378/1501/388
f 365/1502/389 366/1503/389 380/1504/389 379/1505/389
f 380/1506/390 366/1507/390 1/1508/390
f 367/1509/391 381/1510/391 2/1511/391
f 367/1512/392 368/1513/392 382/1514/392 381/1515/392
f 368/1516/393 369/1517/393 383/1518/393 382/1519/393
f 369/1520/394 370/1521/394 384/1522/394 383/1523/394
f 370/1524/395 371/1525/395 385/1526/395 384/1527/395
f 371/1528/396 372/1529/396 386/1530/396 385/1531/396
f 372/1532/397 373/1533/397 387/1534/397 386/1535/397
f 373/1536/398 374/1537/398 388/1538/398 387/1539/398
f 374/1540/399 375/1541/399 389/1542/399 388/1543/399
f 375/1544/400 376/1545/400 390/1546/400 389/1547/400
f 376/1548/401 377/1549/401 391/1550/401 390/1551/401
f 377/1552/402 378/1553/402 392/1554/402 391/1555/402
f 378/1556/403 379/1557/403 393/1558/403 392/1559/403
f 379/1560/404 380/1561/404 394/1562/404 393/1563/404
f 394/1564/405 380/1565/405 1/1566/405
f 381/1567/406 395/1568/406 2/1569/406
f 381/1570/407 382/1571/407 396/1572/407 395/1573/407
f 382/1574/408 383/1575/408 397/1576/408 396/1577/408
f 383/1578/409 384/1579/409 398/1580/409 397/1581/409
f 384/1582/410 385/1583/410 399/1584/410 398/1585/410
f 385/1586/411 386/1587/411 400/1588/411 399/1589/411
f 386/1590/412 387/1591/412 401/1592/412 400/1593/412
f 387/1594/413 388/1595/413 402/1596/413 401/1597/413
f 388/1598/414 389/1599/414 403/1600/414 402/1601/414
f 389/1602/415 390/1603/415 404/1604/415 403/1605/415
f 390/1606/416 391/1607/416 405/1608/416 404/1609/416
f 391/1610/417 392/1611/417 406/1612/417 405/1613/417
f 392/1614/418 393/1615/418 407/1616/418 406/1617/418
f 393/1618/419 394/1619/419 408/1620/419 407/1621/419
f 408/1622/420 394/1623/420 1/1624/420
f 395/1625/421 409/1626/421 2/1627/421
f 395/1628/422 396/1629/422 410/1630/422 409/1631/422
f 396/1632/423 397/1633/423 411/1634/423 410/1635/423
f 397/1636/424 398/1637/424 412/1638/424 411/1639/424
f 398/1640/425 399/1641/425 413/1642/425 412/1643/425
f 399/1644/426 400/1645/426 414/1646/426 413/1647/426
f 400/1648/427 401/1649/427 415/1650/427 414/1651/427
f 401/1652/428 402/1653/428 416/1654/428 415/1655/428
f 402/1656/429 403/1657/429 417/1658/429 416/1659/429
f 403/1660/430 404/1661/430 418/1662/430 417/1663/430
f 404/1664/431 405/1665/431 419/1666/431 418/1667/431
f 405/1668/432 406/1669/432 420/1670/432 419/1671/432
f 406/1672/433 407/1673/433 421/1674/433 420/1675/433
f 407/1676/434 408/1677/434 422/1678/434 421/1679/434
f 422/1680/435 408/1681/435 1/1682/435
f 409/1683/436 3/1684/436 2/1685/436
f 409/1686/437 410/1687/437 4/1688/437 3/1689/437
f 410/1690/438 411/1691/438 5/1692/438 4/1693/438
f 411/1694/439 412/1695/439 6/1696/439 5/1697/439
f 412/1698/440 413/1699/440 7/1700/440 6/1701/440
f 413/1702/441 414/1703/441 8/1704/441 7/1705/441
f 414/1706/442 415/1707/442 9/1708/442 8/1709/442
f 415/1710/443 416/1711/443 10/1712/443 9/1713/443
f 416/1714/444 417/1715/444 11/1716/444 10/1717/444
f 417/1718/445 418/1719/445 12/1720/445 11/1721/445
f 418/1722/446 419/1723/446 13/1724/446 12/1725/446
f 419/1726/447 420/1727/447 14/1728/447 13/1729/447
f 420/1730/448 421/1731/448 15/1732/448 14/1733/448
f 421/1734/449 422/1735/449 16/1736/449 15/1737/449
f 16/1738/450 422/1739/450 1/1740/450